State,Date Announced,Site,Funding Round,Status,Amount,Partner/Charger,Address,X,Y,Streetview,,,Charger Network/Awardee,Total funds
OH,7/13/2023,Pilot Travel Center,1,,"$656,177",EVgo,"6141 US-127, Eaton, OH 45320",,,,,,EVgo,"$16,187,855.00"
OH,7/13/2023,Pilot Travel Center,1,,"$690,599",EVgo,"10480 Baltimore Rd SW, Millersport, OH 43046",,,,,,Francis Energy,"$39,073,244.56"
OH,7/13/2023,Best Western,1,,"$733,044",Francis Energy,"4929 E Pike, Zanesville, OH 43701",,,,,,ABB E-Mobility,"$177,924.00"
OH,7/13/2023,Pilot Travel Center,1,,"$677,865",EVgo,"44133 Fairground Rd, Caldwell, OH 43724",,,,,,Tritium,$0.00
OH,7/13/2023,Meijer,1,,"$744,366",EVgo,"219 Tallmadge Rd Kent, OH 44240",,,,,,Shell,"$7,472,238.86"
OH,7/13/2023,Francis Energy/Shoppes on Bluebell,1,,"$730,165",Francis Energy,"125 Bluebell Dr SW, New Philadelphia, OH 44663",,,,,,Tesla,"$21,998,872.71"
OH,7/13/2023,Casey's Gas & Convenience,1,,"$730,194",Francis Energy,"100 S Dixie Hwy, Cridersville, OH 45806",,,,,,Maine Coast Mall,"$857,142.86"
OH,7/13/2023,Dollar General,1,,"$742,907",Francis Energy,"205 Main St, Byesville, OH 43723",,,,,,Midcoast Regional Redevelopment Authority,"$857,142.86"
OH,7/13/2023,Pilot Travel Center,1,,"$677,618",EVgo,"2320 Faircrest St SW, Canton, OH 44706",,,,,,D&C Properties,"$857,142.86"
OH,7/13/2023,Meijer,1,,"$737,883",EVgo,"1900 W Main St, Troy, OH 45373",,,,,,Irving Oil,"$857,142.86"
OH,7/13/2023,Pilot Travel Center,1,,"$658,983",EVgo,"66377 Belmont Morristown Rd, Belmont, OH 43718",,,,,,EV Connect,"$1,190,000.00"
OH,7/13/2023,Meijer,1,,"$751,493",EVgo,"7390 Tylersville Rd, West Chester Township, OH 45069",,,,,,ChargePoint,"$7,809,000.00"
OH,7/13/2023,Pilot Travel Center,1,,"$663,535",EVgo,"9935 State Rte 41, Jeffersonville, OH 43128",,,,,,Circle K,"$3,785,531.00"
OH,7/13/2023,Pilot Travel Center,1,,"$671,170",EVgo,"488 State Rte 61, Marengo, OH 43334",,,,,,TBD,"$445,000.00"
OH,7/13/2023,Pilot Travel Center,1,,"$787,125",EVgo,"10048 Avon Lake Rd, Burbank, OH 44214",,,,,,Jule,"$4,701,958.00"
OH,7/13/2023,Equilon/Shell Gas,1,,"$177,924",ABB E-Mobility,"15635 Royalton Rd, Strongsville, OH 44136",,,,,,Electrify America,"$6,376,586.00"
OH,7/13/2023,Pilot Travel Center,1,,"$670,341",EVgo,"6830 Franklin Lebanon Rd, Franklin, OH 45005",,,,,,Driivz,"$1,140,000.00"
OH,7/13/2023,Belden Park Strip Mall,1,,"$662,860",EVgo,"5496 Dressler Rd NW, North Canton, OH 44720",,,,,,FirstEnergy (Penelec),"$456,318.00"
OH,7/13/2023,Pilot Travel Center,1,,"$677,524",EVgo,"1365 US-42, London, OH 43140",,,,,,Alnajukchahat Store LLC,"$1,008,770.00"
OH,7/13/2023,Pilot Travel Center,1,,"$676,809",EVgo,"420 E Main St, Beaverdam, OH 45808",,,,,,Applegreen Electric PA LLC,"$5,418,785.00"
OH,7/13/2023,Pilot Travel Center,1,,"$671,075",EVgo,"11471 OH-613, Findlay, OH 45840",,,,,,BP,"$12,297,981.00"
OH,7/13/2023,Pilot Travel Center,1,,"$746,700",EVgo,"5820 Hagman Rd, Toledo, OH 43612",,,,,,"Liberty Truck Center, Inc.","$661,019.00"
OH,7/13/2023,Pilot Travel Center,1,,"$656,532",EVgo,"2349 Center Rd, Austinburg, OH 44010",,,,,,Love's Travel Stops & Country Stores,"$19,238,159.54"
HI,7/27/2023,"Aloha Tower Drive, Pier 7",1,"Awarded, Constructing",,Tritium,"1 Aloha Tower Dr, Honolulu, HI 96813",,,"https://www.google.com/maps/@21.3061315,-157.8644739,3a,75y,192.87h,85.38t/data=!3m6!1e1!3m4!1sanCqz8RYAJtDLk70wk6PAw!2e0!7i16384!8i8192?entry=ttu",,,"Mirabito Holdings, Inc","$830,400.00"
HI,7/27/2023,Kahului Park & Ride,1,"Awarded, Constructing",,Tritium,"Kahului, HI 96732",20.87527519,-156.4618806,"https://www.google.com/maps/@20.8753908,-156.4615283,3a,75y,247.99h,87.56t/data=!3m6!1e1!3m4!1sOvP0J-vorQfjDuc8R-Zt8w!2e0!7i16384!8i8192?entry=ttu",,,Pilot Travel Centers LLC,"$10,868,307.37"
ME,8/1/2023,Shell,1,"Awarded, constructing","$857,143",Shell,"322 Stillwater Ave, Bangor",,,https://goo.gl/maps/bbt44PgUgGjPTEyy7,,,"Raceway Management Co, Inc","$2,393,197.00"
ME,8/1/2023,"Tesla, Inc.",1,"Awarded, constructing","$857,143",Tesla,"197 Civic Center Drive, Augusta",,,https://goo.gl/maps/QWWkfJRyyBjtQtw67,,,"Sheetz, Inc.","$4,945,607.00"
ME,8/1/2023,Maine Coast Mall,1,"Awarded, constructing","$857,143",Maine Coast Mall,"225 High Street, Ellsworth",,,https://goo.gl/maps/iSW2CksRXmLpe2tKA,,,TH Minit Markets LLC,"$1,421,202.00"
ME,2/13/2024,Midcoast Regional Redevelopment Authority,1,Awarded,"$857,143",Midcoast Regional Redevelopment Authority,"11 Atlantic Avenue, Brunswick ME",,,https://goo.gl/maps/RnbiqqTiC2f1toc47,,,Universal EV LLC,"$9,717,638.00"
ME,8/1/2023,D&C Properties,1,"Awarded, constructing","$857,143",D&C Properties,"423 East Main Street, Searsport",,,https://goo.gl/maps/fRiQBsNW4s2JNZXw6,,,Wawa. Inc.,"$7,898,531.00"
ME,8/1/2023,Rockland Plaza Shopping Center,1,"Awarded, constructing","$857,143",Tesla,"75 Maverick Street, Rockland",,,https://goo.gl/maps/Kt5UpWcCEXjTXvN3A,,,NYPA,$0.00
ME,8/1/2023,Circle K (Irving Oil),1,"Awarded, constructing","$857,143",Irving Oil,"1555 Atlantic Highway, Waldoboro",,,https://goo.gl/maps/F6FzkVQtpzaieqMg8,,,"North Anchorage Real Estate
Investors, LLC",$0.00
CO,8/3/2023,Alta Convenience,1,"Awarded, Constructing","$585,000",EV Connect,"2400 Bayfield Pkwy, Bayfield CO",,,https://goo.gl/maps/roCqkseo2kjLijEW7,,,"Browman Development
Company",$0.00
CO,8/3/2023,Alta Convenience,1,"Awarded, Constructing","$605,000",EV Connect,"555 Raptor Road, Fruita CO",,,https://goo.gl/maps/Be7cSfWx5fnjtBW1A,,,Red E Charging LLC,"$9,616,400.76"
CO,8/3/2023,McDonald's,1,"Awarded, Constructing","$585,000",ChargePoint,"78850 US Highway 40, Winter Park CO",,,https://goo.gl/maps/vWacZ7rQgNbUmqiBA,,,Maverik,"$2,695,005.34"
CO,8/3/2023,McDonald's,1,"Awarded, Constructing","$380,000",ChargePoint,"1888 South Wadsworth Blvd, Lakewood CO",,,https://goo.gl/maps/4FDHhoiU88Wk6Rak6,,,Rocky Mountain Power,"$3,300,000.00"
CO,8/3/2023,"Circle K Stores, Inc.",1,"Awarded, Constructing","$100,000",Circle K,"435 W. Garden of Gods Rd, Colorado Springs CO",,,https://goo.gl/maps/knxbpiGBFDnvB6uS8,,,Utah.Energy,"$1,200,000.00"
CO,8/3/2023,"Circle K Stores, Inc.",1,"Awarded, Constructing","$100,000",Circle K,"8950 S. I-25, Pueblo, CO 81004",,,https://goo.gl/maps/m9sumZB2GqDTRJ1WA,,,Chargepoint,"$7,809,000.00"
CO,8/3/2023,City of Pueblo,1,"Awarded, Constructing","$445,000",TBD,"120 S Main Street, Pueblo, CO",,,https://goo.gl/maps/S4VGJibTfgCgGuJV9,,,EvGateway,"$1,849,750.00"
CO,8/3/2023,Lyons Town Hall,1,"Awarded, Constructing","$385,000",Jule,"432 5th Ave, Lyons, CO, 80540",,,https://goo.gl/maps/biSfyuf7FDB7jU8bA,,,SkyChargers LLC,"$626,693.36"
CO,8/3/2023,Hotel,1,"Awarded, Constructing","$625,000",Jule,"241 Lowell St, Maybell, CO, 81640",,,https://goo.gl/maps/7hqXQjpuaU1FJjmV6,,,Energy Hunters,"$580,459.00"
CO,8/3/2023,Electrify America,1,"Awarded, Constructing","$840,000",Electrify America,"16400 S Townsend Ave, Montrose CO 81401",,,https://goo.gl/maps/9cJKD5NZSZPFJyay5,,,PowerUp America LLC,"$5,849,709.48"
CO,8/3/2023,EVgo Services LLC,1,"Awarded, Constructing","$468,000",EVgo,"56171 E Colfax Ave, Strasburg, CO",,,https://goo.gl/maps/Q3JDZaYuAk7Stj3x8,,,Envirospark Networks,"$702,423.00"
CO,8/3/2023,"Francis Energy Charging, LLC",1,"Awarded, Constructing","$560,000",Driivz,"17507 CO-59, Seibert, CO",,,https://goo.gl/maps/NsEKJ24qeFZpTefi6,,,Blink,"$1,539,220.00"
CO,8/3/2023,"Kum & Go, LLC",1,"Awarded, Constructing","$264,000",ChargePoint,"705 Taughenbaugh Blvd, Rifle, CO",,,https://goo.gl/maps/gzreWpWJBcwgzXu9A,,,GPM Investments,"$7,454,247.00"
CO,8/3/2023,Love's Travel Stops Travel StopsTravel Stops,1,"Awarded, Constructing","$585,000",ChargePoint,"115 Harrison Ave, Buena Vista, CO",,,https://goo.gl/maps/RypgNJDJVXSmA19RA,,,FLO,"$892,536.00"
CO,8/3/2023,Love's Travel Stops Travel StopsTravel Stops,1,"Awarded, Constructing","$585,000",ChargePoint,"15596 US Highway 287, Eads, CO",,,https://goo.gl/maps/sxC95D6pbEj7tMPa8,,,"Meijer, Inc.","$693,393.00"
CO,8/3/2023,Love's Travel Stops Travel StopsTravel Stops,1,"Awarded, Constructing","$485,000",ChargePoint,"201 East Bison Hwy, Hudson CO",,,https://goo.gl/maps/BkCFg6bcfXiUsYEY7,,,"Rivian, LLC","$1,336,317.00"
CO,8/3/2023,Love's Travel Stops Travel StopsTravel Stops,1,"Awarded, Constructing","$585,000",ChargePoint,"100 Cardinal Way, Parachute, CO 81635",-108.052826,39.451492,"https://www.google.com/maps/@39.4546631,-108.0458584,3a,75y,66.11h,88.63t/data=!3m6!1e1!3m4!1s8Y7Do3VEFQC_uH1roRtswg!2e0!7i16384!8i8192?entry=ttu",,,"Markham Enterprises, Inc.","$1,350,546.00"
CO,8/3/2023,Phillips 66,1,"Awarded, Constructing","$360,000",Electrify America,"3690 E 104th Ave, Thornton CO",,,https://goo.gl/maps/FFJtaYGyR9cEkCZX7,,,Cloverland Electric Cooperative,"$853,467.00"
CO,8/3/2023,Phillips 66,1,"Awarded, Constructing","$380,000",Electrify America,"10815 W Jewell Ave, Lakewood CO",,,https://goo.gl/maps/194VwaUEoXA8ZCfr5,,,AGI,"$542,807.00"
CO,8/3/2023,Pilot Travel Centers LLC,1,"Awarded, Constructing","$560,000",EVgo,"2195 Hwy 6 and 50, Grand Junction CO",,,https://goo.gl/maps/MztsuE2RFgdKye1H9,,,"McCormick Land II, LLC","$719,993.00"
CO,8/3/2023,Pilot Travel Centers LLC,1,"Awarded, Constructing","$460,000",EVgo,"15455 Terrazzo Dr, Monument CO",,,,,,"GLG, LLC d/b/a/ Noonday Market","$701,353.00"
CO,8/3/2023,Business Park,1,"Awarded, Constructing","$600,000",Tesla,"2720 Council Tree Ave, Ft. Collins CO",,,https://goo.gl/maps/7XnAao6tKALSZi6i7,,,"Impower Connection, Inc","$6,368,784.00"
CO,8/3/2023,Business Park,1,"Awarded, Constructing","$370,000",Tesla,"1265 Sergeant Jon Stiles Dr, Highlands Ranch CO",,,https://goo.gl/maps/jK5X7HLvUwFqercW9,,,Petroleum Wholesale L.C.,"$1,354,192.00"
CO,8/3/2023,Coopers Express,1,"Awarded, Constructing","$450,000",Tesla,"27080 US-287, Springfield CO",,,https://goo.gl/maps/DC5gqow4YguR9M888,,,"Road Ranger, LLC","$777,600.00"
CO,8/3/2023,Speedway,1,"Awarded, Constructing","$450,000",Tesla,"2059 E Main St, Cortez CO",,,https://goo.gl/maps/7iGZKpXobiPcWweH8,,,"H&D Realty Investments, LLC","$1,408,319.00"
CO,8/3/2023,Trading Post Restaurant,1,"Awarded, Constructing","$450,000",Tesla,"602 US-287, Kit Carson CO",,,https://goo.gl/maps/5wmTQHAdYmSHvHLT7,,,Sustainable Energies Corporation,"$805,601.00"
CO,8/3/2023,Hotel,1,"Awarded, Constructing","$550,000",Tesla,"35952 US-385, Wray CO",,,https://goo.gl/maps/DHKz937vsw5Hd1cTA,,,Graviti Energy,"$1,798,000.00"
CO,8/3/2023,"Kum & Go, LLC",1,"Awarded, Constructing","$450,000",Tesla,"4530 Old US Hwy 6, De Beque CO",,,https://goo.gl/maps/R9SmgpRrT49iWxpa6,,,Silver Comet Energy,$0.00
CO,8/3/2023,City,1,"Awarded, Constructing","$550,000",Tesla,"2700 Main Ave, Durango CO",,,https://goo.gl/maps/zoHnDTN7NMMwnvQ18,,,Revision Energy,"$700,000.00"
CO,8/3/2023,Business Park,1,"Awarded, Constructing","$550,000",Tesla,"100 County Center Dr, Pagosa Springs CO",,,https://goo.gl/maps/r7TogmE5ETAYb2Pb9,,,Gridwealth EV,"$1,400,000.00"
CO,8/3/2023,Poncha Market,1,"Awarded, Constructing","$430,000",Tesla,"6250 US-285, Poncha Springs CO",,,https://goo.gl/maps/eJjpEPcETKEzpTtz5,,,Global Montello Group,"$2,125,743.00"
PA,8/14/2023,Emlenton Truck Plaza,1,"awarded, constructing","$456,318",FirstEnergy (Penelec),6406 Emlenton Clintonville Rd Emlenton,,,,,,NIPSCO,$0.00
PA,8/14/2023,Alnajukchahat Store LLC,1,"awarded, constructing","$1,008,770",Alnajukchahat Store LLC,547 N. Hunter Hwy. Drums,,,,,,Village Pantry,$0.00
PA,8/14/2023,Applegreen Electric PA LLC,1,"awarded, constructing","$736,870",Applegreen Electric PA LLC,"Sideling Hill Service Plaza, 3744 N Hess Road Waterfall",,,,,,EVGateway,"$1,849,750.00"
PA,8/14/2023,Applegreen Electric PA LLC,1,"awarded, constructing","$498,805",Applegreen Electric PA LLC,"Bowmansville Service Plaza, 1350 Reading Rd Bowmansville",,,,,,Loop,"$3,105,000.00"
PA,8/14/2023,Applegreen Electric PA LLC,1,"awarded, constructing","$367,749",Applegreen Electric PA LLC,2000 Eastern Avenue/ Oakmont SP Verona/Oakmont,,,,,,Kwik Stop,"$1,068,000.00"
PA,8/14/2023,Applegreen Electric PA LLC,1,"awarded, constructing","$603,294",Applegreen Electric PA LLC,"Peter J Camiel Service Plaza, 5 Marsh Road West Brandywine",,,,,,"CarCharge, LLC","$969,304.00"
PA,8/14/2023,Applegreen Electric PA LLC,1,"awarded, constructing","$397,067",Applegreen Electric PA LLC,734 New Stanton Service Plaza Hunker,,,,,,Lancaster Travel Places LLC,"$556,424.00"
PA,8/14/2023,BP Products North America Inc,1,"awarded, constructing","$607,822",BP,204 Wilson Rd - Coen Mkts Bentleyville,,,,,,Landhope Corporation,"$667,936.00"
PA,8/14/2023,BP Products North America Inc,1,"awarded, constructing","$1,060,291",BP,5644 State. Rt 8 - TravelCenters of America Harrisville,,,,,,"Reliance 3, LLC","$797,125.00"
PA,8/14/2023,BP Products North America Inc,1,"awarded, constructing","$1,060,291",BP,4050 Depot Road Erie,,,,,,The Philadelphia Parking Authority,"$815,120.00"
PA,8/14/2023,BP Products North America Inc,1,"awarded, constructing","$1,060,291",BP,10835 John Wayne Dr. Greencastle,,,,,,Norwich Technologies,$0.00
PA,8/14/2023,BP Products North America Inc,1,"awarded, constructing","$1,060,291",BP,875 N. Eagle Valley Road Milesburg - TA,,,,,,,
PA,8/14/2023,BP Products North America Inc,1,"awarded, constructing","$607,822",BP,3612 State Route 31 - Coen Mkts Donegal,,,,,,,
PA,8/14/2023,"Electrify America, LLC",1,"awarded, constructing","$790,703",Electrify America,1400 Logan Ave Tyrone,,,,,,,
PA,8/14/2023,"Electrify America, LLC",1,"awarded, constructing","$775,804",Electrify America,3695 Paxton St Harrisburg,,,,,,,
PA,8/14/2023,"Electrify America, LLC",1,"awarded, constructing","$741,290",Electrify America,8555 Lancaster Ave Bethel,,,,,,,
PA,8/14/2023,"EVgo Services, LLC",1,"awarded, constructing","$231,786",EVgo,4145 William Penn Highway Monroeville,,,,,,,
PA,8/14/2023,"Francis Energy PA, LLC",1,"awarded, constructing","$738,937",Francis Energy,1900 Ritner Hwy Carlisle,,,,,,,
PA,8/14/2023,"Francis Energy PA, LLC",1,"awarded, constructing","$793,457",Francis Energy,986 Norland Ave Chambersburg,,,,,,,
PA,8/14/2023,"Francis Energy PA, LLC",1,"awarded, constructing","$747,247",Francis Energy,73 Rollingstone Rd. Kylertown,,,,,,,
PA,8/14/2023,"Liberty Truck Center, Inc.",1,"awarded, constructing","$661,019","Liberty Truck Center, Inc.",7018 Blue Ridge Trail Mountain Top,,,,,,,
PA,8/14/2023,Love's Travel Stops & Country Stores,1,"awarded, constructing","$689,324",Love's Travel Stops & Country Stores,22 Old Forge Rd Jonestown,,,,,,,
PA,8/14/2023,Love's Travel Stops & Country Stores,1,"awarded, constructing","$676,935",Love's Travel Stops & Country Stores,400 W. 3rd Mifflinville,,,,,,,
PA,8/14/2023,Love's Travel Stops & Country Stores,1,"awarded, constructing","$634,756",Love's Travel Stops & Country Stores,1011 New Castle Road Slippery Rock,,,,,,,
PA,8/14/2023,Love's Travel Stops & Country Stores,1,"awarded, constructing","$577,330",Love's Travel Stops & Country Stores,1373 Route 28 Brookville,,,,,,,
PA,8/14/2023,"Mirabito Holdings, Inc",1,"awarded, constructing","$830,400","Mirabito Holdings, Inc",604 PA-739 store#125 Hawley,,,,,,,
PA,8/14/2023,Pilot,1,"awarded, constructing","$610,393",Pilot Travel Centers LLC,417 Route 315 Pittston,,,,,,,
PA,8/14/2023,Pilot,1,"awarded, constructing","$812,990",Pilot Travel Centers LLC,5609 Nittany Valley Drive Mill Hall,,,,,,,
PA,8/14/2023,Pilot,1,"awarded, constructing","$852,379",Pilot Travel Centers LLC,1623 Oliver Road New Milford,,,,,,,
PA,8/14/2023,"Raceway Management Co, Inc",1,"awarded, constructing","$841,547","Raceway Management Co, Inc",100 Commercial Boulevard Blakeslee,,,,,,,
PA,8/14/2023,"Raceway Management Co, Inc",1,"awarded, constructing","$899,595","Raceway Management Co, Inc",1297 Keystone Blvd Pottsville,,,,,,,
PA,8/14/2023,"Raceway Management Co, Inc",1,"awarded, constructing","$652,055","Raceway Management Co, Inc",1174 Mt. Cobb Rd Lake Ariel,,,,,,,
PA,8/14/2023,"Sheetz, Inc.",1,"awarded, constructing","$281,856","Sheetz, Inc.",205 N Center Ave. New Stanton,,,,,,,
PA,8/14/2023,"Sheetz, Inc.",1,"awarded, constructing","$654,081","Sheetz, Inc.",215 Arsenal Road York,,,,,,,
PA,8/14/2023,"Sheetz, Inc.",1,"awarded, constructing","$684,088","Sheetz, Inc.",1910 Mount Nebo Road Sewickey,,,,,,,
PA,8/14/2023,"Sheetz, Inc.",1,"awarded, constructing","$691,197","Sheetz, Inc.",678 Frankstown Road Altoona,,,,,,,
PA,8/14/2023,"Sheetz, Inc.",1,"awarded, constructing","$163,838","Sheetz, Inc.",7970 Linglestown Road Harrisburg,,,,,,,
PA,8/14/2023,"Sheetz, Inc.",1,"awarded, constructing","$639,659","Sheetz, Inc.",300 Racetrack Road Washington,,,,,,,
PA,8/14/2023,"Tesla, Inc.",1,"awarded, constructing","$220,898",Tesla,2604 W State St New Castle,,,,,,,
PA,8/14/2023,"Tesla, Inc.",1,"awarded, constructing","$256,626",Tesla,100 Metropolitan Way Summrdle/Enola,,,,,,,
PA,8/14/2023,"Tesla, Inc.",1,"awarded, constructing","$253,826",Tesla,3314 Market St Aston,,,,,,,
PA,8/14/2023,"Tesla, Inc.",1,"awarded, constructing","$211,165",Tesla,18511 Smock Hwy Meadville,,,,,,,
PA,8/14/2023,"Tesla, Inc.",1,"awarded, constructing","$211,165",Tesla,1401 Forty Foot Rd Lansdale/Kulpsvll,,,,,,,
PA,8/14/2023,"Tesla, Inc.",1,"awarded, constructing","$204,232",Tesla,550 Shrewsbury Commons Ave Shrewsbury,,,,,,,
PA,8/14/2023,"Tesla, Inc.",1,"awarded, constructing","$211,165",Tesla,1920 W MacDade Blvd Woodlyn,,,,,,,
PA,8/14/2023,"Tesla, Inc.",1,"awarded, constructing","$259,293",Tesla,398 E Roy Furman Hwy Waynesburg,,,,,,,
PA,8/14/2023,"Tesla, Inc.",1,"awarded, constructing","$254,826",Tesla,135 N Breezewood Rd Breezewood,,,,,,,
PA,8/14/2023,"Tesla, Inc.",1,"awarded, constructing","$204,232",Tesla,1136 Moosic St Scranton/Pittston,,,,,,,
PA,8/14/2023,TH Minit Markets LLC,1,"awarded, constructing","$798,869",TH Minit Markets LLC,2855 Lehigh St Allentown,,,,,,,
PA,8/14/2023,Universal EV LLC,1,"awarded, constructing","$384,880",Universal EV LLC,750 Aten Rd Coraopolis,,,,,,,
PA,8/14/2023,Wawa. Inc.,1,"awarded, constructing","$708,221",Wawa. Inc.,5900 Bristol Pike Bristol,,,,,,,
PA,8/14/2023,Wawa. Inc.,1,"awarded, constructing","$727,420",Wawa. Inc.,7572 Schantz Rd. Allentown,,,,,,,
PA,8/14/2023,Wawa. Inc.,1,"awarded, constructing","$733,025",Wawa. Inc.,101 Easton Rd. Horsham,,,,,,,
PA,8/14/2023,Wawa. Inc.,1,"awarded, constructing","$731,796",Wawa. Inc.,5597 Tulip St Philadelphia,,,,,,,
NY,9/22/2023,Mirabito,1&2,"Awarded, constructing",,NYPA,"312 Broad St,
Waverly, NY
14892",,,,,,,
NY,9/22/2023,Proposed Site by NYPA. Subject to Change,1&2,"Awarded, constructing",,NYPA,"287 E. Main St, Parish, NY",,,,,,,
NY,9/22/2023,Proposed Site by NYPA. Subject to Change,1&2,"Awarded, constructing",,NYPA,"Ithica, New York",,,,,,,
NY,9/22/2023,Proposed Site by NYPA. Subject to Change,1&2,"Awarded, constructing",,NYPA,"Alexandria Bay, New York",,,,,,,
NY,9/22/2023,Proposed Site by NYPA. Subject to Change,1&2,"Awarded, constructing",,NYPA,"Port Jervis, NY",,,,,,,
NY,9/22/2023,Proposed Site by NYPA. Subject to Change,1&2,"Awarded, constructing",,NYPA,"Bemus Point, NY",,,,,,,
NY,9/22/2023,Proposed Site by NYPA. Subject to Change,1&2,"Awarded, constructing",,NYPA,"Angelica,NY",,,,,,,
NY,9/22/2023,Proposed Site by NYPA. Subject to Change,1&2,"Awarded, constructing",,NYPA,"Horseheads, NY",,,,,,,
NY,9/22/2023,Proposed Site by NYPA. Subject to Change,1&2,"Awarded, constructing",,NYPA,"Middletown, NY",,,,,,,
NY,9/22/2023,Proposed Site by NYPA. Subject to Change,1&2,"Awarded, constructing",,NYPA,"Bronx, NY",,,,,,,
NY,9/22/2023,Proposed Site by NYPA. Subject to Change,1&2,"Awarded, constructing",,NYPA,"Queensbury, NY 12845",,,,,,,
NY,9/22/2023,Bank of America,1&2,"Awarded, constructing",,NYPA,"451 Washington Ave, Kingston, NY 12401",,,,,,,
NY,9/22/2023,Proposed Site by NYPA. Subject to Change,1&2,"Awarded, constructing",,NYPA,"4023 Blue Ridge Rd, North Hudson, NY 12855",,,,,,,
NY,9/22/2023,Proposed Site by NYPA. Subject to Change,1&2,"Awarded, constructing",,NYPA,Keeseville,,,,,,,
NY,9/22/2023,Proposed Site by NYPA. Subject to Change,1&2,"Awarded, constructing",,NYPA,Afton New York 13730,,,,,,,
NY,9/22/2023,Mirabito,1&2,"Awarded, constructing",,NYPA,"1168 NY-7, Richmondville, NY 12149",,,,,,,
NY,9/22/2023,Proposed Site by NYPA. Subject to Change,1&2,"Awarded, constructing",,NYPA,"210 Oak St, Batavia, NY 14020",,,,,,,
NY,9/22/2023,Proposed Site by NYPA. Subject to Change,1&2,"Awarded, constructing",,NYPA,"Phelps, NY",,,,,,,
NY,9/22/2023,Proposed Site by NYPA. Subject to Change,1&2,"Awarded, constructing",,NYPA,"5218 Patrick Rd, Verona, NY 13478",,,,,,,
NY,9/22/2023,Proposed Site by NYPA. Subject to Change,1&2,"Awarded, constructing",,NYPA,"Astoria, New York",,,,,,,
NY,9/22/2023,Proposed Site by NYPA. Subject to Change,1&2,"Awarded, constructing",,NYPA,"Dansville, New York",,,,,,,
NY,9/22/2023,Proposed Site by NYPA. Subject to Change,1&2,"Awarded, constructing",,NYPA,"2075 Hylan Dr, Rochester, NY 14623",,,,,,,
NY,9/22/2023,Proposed Site by NYPA. Subject to Change,1&2,"Awarded, constructing",,NYPA,"Rochester, New York",,,,,,,
AK,9/25/2023,Tikahtnu Commons,1,Awarded,,"North Anchorage Real Estate
Investors, LLC","1142 N Muldoon Rd, Anchorage, AK 99504",61.230112,-149.738997,"https://www.google.com/maps/@61.229636,-149.7396524,3a,75y,89.08h,90t/data=!3m7!1e1!3m5!1siA82biluFEFhflz-NCZfWA!2e0!6shttps:%2F%2Fstreetviewpixels-pa.googleapis.com%2Fv1%2Fthumbnail%3Fpanoid%3DiA82biluFEFhflz-NCZfWA%26cb_client%3Dmaps_sv.tactile.gps%26w%3D203%26h%3D100%26yaw%3D88.0982%26pitch%3D0%26thumbfov%3D100!7i16384!8i8192?entry=ttu",,,,
AK,9/25/2023,Cottonwood Creek Mall,1,Awarded,,"Browman Development
Company","1721 E Parks Hwy, Wasilla, AK 99654",61.57741,-149.405095,"https://www.google.com/maps/@61.577674,-149.4065492,3a,75y,100.81h,85.78t/data=!3m6!1e1!3m4!1sltRl1TUEOCzFFiluyn3kZw!2e0!7i16384!8i8192?entry=ttu",,,,
AK,9/25/2023,Trapper Creek Three Bears,1,Awarded,,Tesla,"114.6 Parks Hwy, Trapper Creek, AK 99683",62.314043,-150.232238,"https://www.google.com/maps/@62.3137667,-150.2328503,3a,75y,56.44h,96.17t/data=!3m7!1e1!3m5!1s0Ui0anuY1GNhsJwVhQNbfQ!2e0!6shttps:%2F%2Fstreetviewpixels-pa.googleapis.com%2Fv1%2Fthumbnail%3Fpanoid%3D0Ui0anuY1GNhsJwVhQNbfQ%26cb_client%3Dmaps_sv.tactile.gps%26w%3D203%26h%3D100%26yaw%3D58.80077%26pitch%3D0%26thumbfov%3D100!7i13312!8i6656?entry=ttu",,,,
AK,9/25/2023,"Mt. McKinley Princess Wilderness
Lodge",1,Awarded,,Jule,"133 Parks Hwy, Trapper Creek, AK 99683",62.557389,-150.229542,"https://www.google.com/maps/@62.558443,-150.229288,3a,75y,300.3h,96.47t/data=!3m8!1e1!3m6!1sAF1QipMsaK1vXRd1WYuHn75WavIKyDVBbtwPhh3qJDgU!2e10!3e11!6shttps:%2F%2Flh5.googleusercontent.com%2Fp%2FAF1QipMsaK1vXRd1WYuHn75WavIKyDVBbtwPhh3qJDgU%3Dw203-h100-k-no-pi-10-ya165-ro-0-fo100!7i6656!8i3162?entry=ttu",,,,
AK,9/25/2023,Jack River Properties LLC,1,Awarded,,Tesla,"209.9 Parks Hwy, Cantwell, AK 99729",63.387927,-148.904522,"https://www.google.com/maps/@63.3879342,-148.9056817,3a,64.6y,102.77h,92.51t/data=!3m6!1e1!3m4!1s3WvGwZvdAA0xyRJmeD0kuQ!2e0!7i13312!8i6656?entry=ttu",,,,
AK,9/25/2023,Denali Princess Wilderness Lodge,1,Awarded,,Jule,"238.5 Parks Hwy, Denali National Park and Preserve, AK 99755",63.746055,-148.899893,"https://www.google.com/maps/@63.7463092,-148.8996036,3a,60y,247.03h,82.36t/data=!3m6!1e1!3m4!1snOBvhMlGsdmVIxi7dWqPkg!2e0!7i13312!8i6656?entry=ttu",,,,
AK,9/25/2023,Nenana Chevron Station,1,Awarded,,Tesla,"Mile 304 Parks Hwy, Nenana, AK 99760",64.557804,-149.096502,"https://www.google.com/maps/@64.5581307,-149.0960031,3a,60y,222.1h,79.98t/data=!3m6!1e1!3m4!1sMsc9In8w2m1rkECgRzEUeg!2e0!7i13312!8i6656?entry=ttu",,,,
AK,9/25/2023,Ester Gas,1,Awarded,,Tesla,"3571 Old Nenana Hwy, Fairbanks, AK 99709",64.844485,-148.009632,"https://www.google.com/maps/@64.8446667,-148.0090469,3a,60y,227.85h,85.59t/data=!3m6!1e1!3m4!1sMZ8V11ZHK6y9gqslblnbqA!2e0!7i13312!8i6656?entry=ttu",,,,
AK,9/25/2023,Westmark Fairbanks Hotel and Conference Center,1,Awarded,,Jule,"310 10th Ave, Fairbanks, AK 99701",64.839645,-147.712554,"https://www.google.com/maps/@64.8394417,-147.7123757,3a,60y,322.19h,97.91t/data=!3m6!1e1!3m4!1s4UPRtnXevE9k-HSdlps82Q!2e0!7i13312!8i6656?entry=ttu",,,,
KY,10/23/2023,Thorntons 4731 West Highway 146,1&2,"Awarded, Constructing","$418,586",BP,"4731 West Highway 146, Buckner KY 40010",38.3720997,-85.443803,"https://www.google.com/maps/@38.3723381,-85.4432666,3a,75y,229.83h,95.53t/data=!3m6!1e1!3m4!1sl3oKNQQSqfNVNZq4oZcP2w!2e0!7i16384!8i8192?entry=ttu",,,,
KY,10/23/2023,#3 TA 145 Richwood Rd,1&2,"Awarded, Constructing","$444,992",BP,"145 Richwood Rd, Walton, KY 41094",38.9175742,-84.626471,"https://www.google.com/maps/@38.9180696,-84.6262809,3a,75y,202.31h,90.77t/data=!3m6!1e1!3m4!1suiSmp0tTcTETJxb-3rwvpg!2e0!7i16384!8i8192?entry=ttu",,,,
KY,10/23/2023,#2 TA 7777 Burlington Pike,1&2,"Awarded, Constructing","$494,589",BP,"7777 Burlington Pike, Florence, KY 41042",39.0000647,-84.644631,"https://www.google.com/maps/@39.0004055,-84.6450737,3a,75y,123.36h,88.86t/data=!3m7!1e1!3m5!1szki7aofJO8wz7UozQGInSg!2e0!6shttps:%2F%2Fstreetviewpixels-pa.googleapis.com%2Fv1%2Fthumbnail%3Fpanoid%3Dzki7aofJO8wz7UozQGInSg%26cb_client%3Dmaps_sv.tactile.gps%26w%3D203%26h%3D100%26yaw%3D138.39444%26pitch%3D0%26thumbfov%3D100!7i13312!8i6656?entry=ttu",,,,
KY,10/23/2023,TA Petro 554 W Glendale Hodgenville Rd,1&2,"Awarded, Constructing","$489,351",BP,"554 Glendale Hodgenville Rd W, Glendale, KY 42740",37.5991621,-85.870932,"https://www.google.com/maps/@37.5979236,-85.8726493,3a,75y,337.51h,86.87t/data=!3m6!1e1!3m4!1sleNSSb_6AJnrlYDDf3gTYQ!2e0!7i16384!8i8192?entry=ttu",,,,
KY,10/23/2023,#1 Ideal Market - Nortonville #11,1&2,"Awarded, Constructing","$897,498",Francis Energy,"162 Hopkinsville Road, Nortonville, KY 42442-9508",37.1934571,-87.448515,"https://www.google.com/maps/@37.1937191,-87.4483712,3a,75y,193.79h,86.3t/data=!3m7!1e1!3m5!1sTYHvxcFw9RL328ULKH_XYg!2e0!6shttps:%2F%2Fstreetviewpixels-pa.googleapis.com%2Fv1%2Fthumbnail%3Fpanoid%3DTYHvxcFw9RL328ULKH_XYg%26cb_client%3Dmaps_sv.tactile.gps%26w%3D203%26h%3D100%26yaw%3D159.24403%26pitch%3D0%26thumbfov%3D100!7i16384!8i8192?entry=ttu",,,,
KY,10/23/2023,#3 - Starbucks - Hopkinsville,1&2,"Awarded, Constructing","$855,276",Francis Energy,"110 Clinic Drive, Hopkinsville, KY 42240-7960",36.8272364,-87.472431,"https://www.google.com/maps/@36.8275985,-87.4725465,3a,75y,160.38h,89.28t/data=!3m7!1e1!3m5!1sSu-aGhX-0g_Gu8OSa7BwMA!2e0!6shttps:%2F%2Fstreetviewpixels-pa.googleapis.com%2Fv1%2Fthumbnail%3Fpanoid%3DSu-aGhX-0g_Gu8OSa7BwMA%26cb_client%3Dmaps_sv.tactile.gps%26w%3D203%26h%3D100%26yaw%3D182.72224%26pitch%3D0%26thumbfov%3D100!7i16384!8i8192?entry=ttu",,,,
KY,10/23/2023,Tradewind Center,1&2,"Awarded, Constructing","$852,793",Francis Energy,"370 S Hwy 27, Somerset, KY 42501-2774",37.0879321,-84.614736,"https://www.google.com/maps/@37.0879733,-84.6146474,3a,75y,340.25h,92.35t/data=!3m6!1e1!3m4!1suoCUknAmY0ZkMxXG8-Z-zg!2e0!7i16384!8i8192?entry=ttu",,,,
KY,10/23/2023,#10 Wagner Wine & Spirits,1&2,"Awarded, Constructing","$875,282",Francis Energy,"1505 W Broadway, Mayfield, KY 42066-1927",36.7392792,-88.670023,"https://www.google.com/maps/@36.7384181,-88.6695726,3a,15y,346.9h,87.75t/data=!3m7!1e1!3m5!1s7-G7f-6NU2EjboIGDIvpMA!2e0!6shttps:%2F%2Fstreetviewpixels-pa.googleapis.com%2Fv1%2Fthumbnail%3Fpanoid%3D7-G7f-6NU2EjboIGDIvpMA%26cb_client%3Dmaps_sv.tactile.gps%26w%3D203%26h%3D100%26yaw%3D276.9573%26pitch%3D0%26thumbfov%3D100!7i16384!8i8192?entry=ttu",,,,
KY,10/23/2023,#8 Ideal Market - Madisonville #6,1&2,"Awarded, Constructing","$863,471",Francis Energy,"800 E Center Street, Madisonville, KY 42431",37.3272445,-87.484656,"https://www.google.com/maps/@37.3277035,-87.4846054,3a,75y,139.26h,86.44t/data=!3m7!1e1!3m5!1sEkv-jV6bGVd2roiLVgxOWg!2e0!6shttps:%2F%2Fstreetviewpixels-pa.googleapis.com%2Fv1%2Fthumbnail%3Fpanoid%3DEkv-jV6bGVd2roiLVgxOWg%26cb_client%3Dmaps_sv.tactile.gps%26w%3D203%26h%3D100%26yaw%3D235.12166%26pitch%3D0%26thumbfov%3D100!7i16384!8i8192?entry=ttu",,,,
KY,10/23/2023,#2 Ideal Market Dawson Springs #29,1&2,"Awarded, Constructing","$858,799",Francis Energy,"5715 Charleston Road, Dawson Springs, KY 42408-8817",37.1963681,-87.687986,"https://www.google.com/maps/@37.1960959,-87.6884822,3a,75y,190.35h,87.65t/data=!3m7!1e1!3m5!1s_hwO3tEJ1wHVNq_jHMXOnA!2e0!6shttps:%2F%2Fstreetviewpixels-pa.googleapis.com%2Fv1%2Fthumbnail%3Fpanoid%3D_hwO3tEJ1wHVNq_jHMXOnA%26cb_client%3Dmaps_sv.tactile.gps%26w%3D203%26h%3D100%26yaw%3D223.42844%26pitch%3D0%26thumbfov%3D100!7i16384!8i8192?entry=ttu",,,,
KY,10/23/2023,"#1 Franklin Nissan LTD, CO",1&2,"Awarded, Constructing","$605,009",Jule,"705 Jamestown St, Columbia KY 42728",37.0956043,-85.30114,"https://www.google.com/maps/@37.0953538,-85.3016778,3a,75y,27.94h,89.79t/data=!3m7!1e1!3m5!1sl5ewISt9fFfK2z9DB2vlmg!2e0!6shttps:%2F%2Fstreetviewpixels-pa.googleapis.com%2Fv1%2Fthumbnail%3Fpanoid%3Dl5ewISt9fFfK2z9DB2vlmg%26cb_client%3Dmaps_sv.tactile.gps%26w%3D203%26h%3D100%26yaw%3D47.17484%26pitch%3D0%26thumbfov%3D100!7i16384!8i8192?entry=ttu",,,,
KY,10/23/2023,"Hatfield Inn, LLC",1&2,"Awarded, Constructing","$605,009",Jule,"769 White St, Leitchfield, KY 42754",37.4678517,-86.294444,"https://www.google.com/maps/@37.4677513,-86.293466,3a,75y,282.74h,90t/data=!3m7!1e1!3m5!1sa_ZlabQQVyx2MGVWLfbv_w!2e0!6shttps:%2F%2Fstreetviewpixels-pa.googleapis.com%2Fv1%2Fthumbnail%3Fpanoid%3Da_ZlabQQVyx2MGVWLfbv_w%26cb_client%3Dmaps_sv.tactile.gps%26w%3D203%26h%3D100%26yaw%3D226.21646%26pitch%3D0%26thumbfov%3D100!7i16384!8i8192?entry=ttu",,,,
KY,10/23/2023,Kentucky Sparta Love's Travel Stops Travel Stops383,1&2,"Awarded, Constructing","$625,000",Love's Travel Stops & Country Stores,"499 Loves Drive, Sparta, KY 41083",38.6938274,-84.938708,"https://www.google.com/maps/@38.6942496,-84.9396531,3a,75y,121.31h,89.44t/data=!3m7!1e1!3m5!1spFeEA0_J4Z_ssLVI_OQ9PQ!2e0!6shttps:%2F%2Fstreetviewpixels-pa.googleapis.com%2Fv1%2Fthumbnail%3Fpanoid%3DpFeEA0_J4Z_ssLVI_OQ9PQ%26cb_client%3Dmaps_sv.tactile.gps%26w%3D203%26h%3D100%26yaw%3D239.08444%26pitch%3D0%26thumbfov%3D100!7i13312!8i6656?entry=ttu",,,,
KY,10/23/2023,#1 - Kentucky Horse Cave Love's Travel Stops Travel Stops360,1&2,"Awarded, Constructing","$725,000",Love's Travel Stops & Country Stores,"4000 L&N Turnpike, Horse Cave, KY 42749",37.2013982,-85.9352055,"https://www.google.com/maps/@37.2021585,-85.9343008,3a,75y,249.5h,83.58t/data=!3m6!1e1!3m4!1sufel2H2SjvIyMY47BLzkpg!2e0!7i16384!8i8192?entry=ttu",,,,
KY,10/23/2023,Clark's Pump-N-Shop 86,1&2,"Awarded, Constructing","$633,534",Red E Charging LLC,"3590 Lexington Rd, Versailles, KY 40383",38.0449821,-84.665587,"https://www.google.com/maps/@38.044648,-84.6651965,3a,75y,324.76h,89.24t/data=!3m6!1e1!3m4!1sEFWqY0U9EsLmleS4V-Oi1g!2e0!7i16384!8i8192?entry=ttu",,,,
KY,10/23/2023,#1 Wingfield Inn & Suites,1&2,"Awarded, Constructing","$630,989",Universal EV LLC,"3220 W Parrish Avenue, Owensboro, KY 41042",37.7544388,-87.156704,"https://www.google.com/maps/@37.7553805,-87.1568971,3a,75y,162.92h,86.59t/data=!3m7!1e1!3m5!1sm6ibFBXuCQZHoO4UC5UD4g!2e0!6shttps:%2F%2Fstreetviewpixels-pa.googleapis.com%2Fv1%2Fthumbnail%3Fpanoid%3Dm6ibFBXuCQZHoO4UC5UD4g%26cb_client%3Dmaps_sv.tactile.gps%26w%3D203%26h%3D100%26yaw%3D45.896267%26pitch%3D0%26thumbfov%3D100!7i16384!8i8192?entry=ttu",,,,
KY,10/23/2023,#2 Thorntons 1335 S Hurstbourne Pkwy 1,1&2,"Awarded, Constructing","431,592.00",BP,"1335 S Hurstbourne Pkwy, Louisville, KY 40222",38.225152,-85.577293,"https://www.google.com/maps/@38.225384,-85.5774169,3a,75y,168.81h,90t/data=!3m7!1e1!3m5!1sRKstrpx2A3IAyrkZ3Kqu1A!2e0!6shttps:%2F%2Fstreetviewpixels-pa.googleapis.com%2Fv1%2Fthumbnail%3Fpanoid%3DRKstrpx2A3IAyrkZ3Kqu1A%26cb_client%3Dmaps_sv.tactile.gps%26w%3D203%26h%3D100%26yaw%3D171.16937%26pitch%3D0%26thumbfov%3D100!7i13312!8i6656?entry=ttu",,,,
KY,10/23/2023,#1 Thorntons 1804 Blankenbaker Pkwy,1&2,"Awarded, Constructing","$508,896.00",BP,"1804 Blankenbaker Pkwy, Louisville, KY 40299",38.216084,-85.540105,"https://www.google.com/maps/@38.2160471,-85.5402511,3a,75y,113.92h,88.52t/data=!3m7!1e1!3m5!1sRhHr3ppkZrKRl7ui37hK5Q!2e0!6shttps:%2F%2Fstreetviewpixels-pa.googleapis.com%2Fv1%2Fthumbnail%3Fpanoid%3DRhHr3ppkZrKRl7ui37hK5Q%26cb_client%3Dmaps_sv.tactile.gps%26w%3D203%26h%3D100%26yaw%3D65.374985%26pitch%3D0%26thumbfov%3D100!7i16384!8i8192?entry=ttu",,,,
KY,10/23/2023,"#4 Agra LLC (""EconoLodge"")",1&2,"Awarded, Constructing","$605,009.00",Jule,"105 Melcon Ln, London, KY 40741",37.144194,-84.108311,"https://www.google.com/maps/@37.1443202,-84.1085854,3a,75y,131.29h,91.34t/data=!3m6!1e1!3m4!1sZ-XMkGJIuQnpYWnDeZFmgw!2e0!7i13312!8i6656?entry=ttu",,,,
KY,10/23/2023,Kentucky Calvert City Love's Travel Stops Travel Stops348,1&2,"Awarded, Constructing","$650,000.00",Love's Travel Stops & Country Stores,"#1 2966 US Highway 62, Calvert City, KY 42029",37.003569,-88.318934,"https://www.google.com/maps/@37.0032439,-88.3179771,3a,75y,321.5h,88.61t/data=!3m7!1e1!3m5!1s81xwGFlIZxlIl07_lZRtSA!2e0!6shttps:%2F%2Fstreetviewpixels-pa.googleapis.com%2Fv1%2Fthumbnail%3Fpanoid%3D81xwGFlIZxlIl07_lZRtSA%26cb_client%3Dmaps_sv.tactile.gps%26w%3D203%26h%3D100%26yaw%3D41.25633%26pitch%3D0%26thumbfov%3D100!7i16384!8i8192?entry=ttu",,,,
KY,10/23/2023,Kentucky's Grayson Love's Travel Stops Travel Stops418,1&2,"Awarded, Constructing","$650,000.00",Love's Travel Stops & Country Stores,"750 N Carol Malone Blvd, Grayson, KY 41143",38.341562,-82.941927,"https://www.google.com/maps/@38.3417477,-82.9429814,3a,75y,231.94h,83.55t/data=!3m7!1e1!3m5!1s7ePe15rj7a-DuSoK4QDt8A!2e0!6shttps:%2F%2Fstreetviewpixels-pa.googleapis.com%2Fv1%2Fthumbnail%3Fpanoid%3D7ePe15rj7a-DuSoK4QDt8A%26cb_client%3Dmaps_sv.tactile.gps%26w%3D203%26h%3D100%26yaw%3D194.37154%26pitch%3D0%26thumbfov%3D100!7i16384!8i8192?entry=ttu",,,,
KY,10/23/2023,Clark's Pump-N-Shop 81,1&2,"Awarded, Constructing","$629,784.00",Red E Charging LLC,"201 N Main Street, Winchester, KY 40391",37.997492,-84.174461,"https://www.google.com/maps/@37.9976648,-84.1747749,3a,75y,161.28h,80.93t/data=!3m7!1e1!3m5!1sK3T2bCeiIhszdMZ95s5qgg!2e0!6shttps:%2F%2Fstreetviewpixels-pa.googleapis.com%2Fv1%2Fthumbnail%3Fpanoid%3DK3T2bCeiIhszdMZ95s5qgg%26cb_client%3Dmaps_sv.tactile.gps%26w%3D203%26h%3D100%26yaw%3D187.36044%26pitch%3D0%26thumbfov%3D100!7i16384!8i8192?entry=ttu",,,,
KY,10/23/2023,#2 - 4703256,1&2,"Awarded, Constructing","$536,600.00",Circle K,"1000 Amberly Way, Richmond, KY 40475",37.997403,-84.174468,"https://www.google.com/maps/@37.7357358,-84.327303,3a,75y,263.29h,90t/data=!3m7!1e1!3m5!1sboIxZqh2yifD_2G5hjWYFw!2e0!6shttps:%2F%2Fstreetviewpixels-pa.googleapis.com%2Fv1%2Fthumbnail%3Fpanoid%3DboIxZqh2yifD_2G5hjWYFw%26cb_client%3Dmaps_sv.tactile.gps%26w%3D203%26h%3D100%26yaw%3D276.2873%26pitch%3D0%26thumbfov%3D100!7i16384!8i8192?entry=ttu",,,,
KY,10/23/2023,#1 - 4703256,1&2,"Awarded, Constructing","$537,492.00",Circle K,"707 Chestnut Street, Berea, KY 40403",37.567851,-84.306702,"https://www.google.com/maps/@37.5681706,-84.306736,3a,75y,156.8h,90.95t/data=!3m7!1e1!3m5!1sfxHMbfBuTDDoKEba9eScUQ!2e0!6shttps:%2F%2Fstreetviewpixels-pa.googleapis.com%2Fv1%2Fthumbnail%3Fpanoid%3DfxHMbfBuTDDoKEba9eScUQ%26cb_client%3Dmaps_sv.tactile.gps%26w%3D203%26h%3D100%26yaw%3D193.6161%26pitch%3D0%26thumbfov%3D100!7i16384!8i8192?entry=ttu",,,,
UT,11/14/2023,Pilot Travel Centers LLC,1,,"$341,569.00",Pilot Travel Centers LLC,90 South Stone Road Snowville,,,"https://www.google.com/maps/@41.9635521,-112.7099877,3a,75y,87.51h,90t/data=!3m6!1e1!3m4!1s2EYMcuEGGMBKfeBrUwkOeQ!2e0!7i16384!8i8192?entry=ttu",,,,
UT,11/14/2023,Maverik,1,,"$341,569.00",Maverik,5245 W. 9600 N. Tremonton,,,"https://www.google.com/maps/@41.6832521,-112.1416729,3a,75y,222.14h,90t/data=!3m7!1e1!3m5!1sQ2UVaL3GwEjYVwn-U_S7KQ!2e0!6shttps:%2F%2Fstreetviewpixels-pa.googleapis.com%2Fv1%2Fthumbnail%3Fpanoid%3DQ2UVaL3GwEjYVwn-U_S7KQ%26cb_client%3Dsearch.gws-prod.gps%26w%3D360%26h%3D120%26yaw%3D222.13974%26pitch%3D0%26thumbfov%3D100!7i13312!8i6656?entry=ttu",,,,
UT,11/14/2023,Davis County- Davis Conference Center,1,,"$200,000.00",Rocky Mountain Power,1656 Layton Hills Pkwy Layton,,,"https://www.google.com/maps/@41.0847842,-111.9784266,3a,75y,241.99h,90t/data=!3m7!1e1!3m5!1s2Fo8omuni7QfMoVTKdiUrw!2e0!6shttps:%2F%2Fstreetviewpixels-pa.googleapis.com%2Fv1%2Fthumbnail%3Fpanoid%3D2Fo8omuni7QfMoVTKdiUrw%26cb_client%3Dsearch.gws-prod.gps%26w%3D360%26h%3D120%26yaw%3D241.9897%26pitch%3D0%26thumbfov%3D100!7i16384!8i8192?entry=ttu",,,,
UT,11/14/2023,Steve Saunders-Delle City Station,1,,"$600,000.00",Utah.Energy,"40.76191856147494, -112.78288255254033",,,"https://www.google.com/maps/@40.762024,-112.7824913,3a,90y,236.59h,91.52t/data=!3m6!1e1!3m4!1ski8_hcjnhZ542Ggv8bVIgw!2e0!7i16384!8i8192?entry=ttu",,,,
UT,11/14/2023,Coalville City- Coalville City Hall,1,,"$500,000.00",Rocky Mountain Power,9 S. Main Street Coalville,,,"https://www.google.com/maps/place/9+S+Main+St,+Coalville,+UT+84017/@40.9166437,-111.3981033,3a,75y,124.67h,77.48t/data=!3m6!1e1!3m4!1sKVVViKtBrPu75cTzt_R5mw!2e0!7i13312!8i6656!4m15!1m8!3m7!1s0x8752394f4b648409:0xf0a26d44abf9b0c4!2s9+S+Main+St,+Coalville,+UT+84017!3b1!8m2!3d40.9166117!4d-111.397649!16s%2Fg%2F11ggr9kqrr!3m5!1s0x8752394f4b648409:0xf0a26d44abf9b0c4!8m2!3d40.9166117!4d-111.397649!16s%2Fg%2F11ggr9kqrr?entry=ttu",,,,
UT,11/14/2023,Maverik,1,,"$600,000.00",Maverik,1582 S. Main Street Nephi,,,"https://www.google.com/maps/place/1582+S+Main+St,+Nephi,+UT+84648/@39.6856525,-111.8376878,3a,75y,233.76h,81.42t/data=!3m7!1e1!3m5!1slldCDPIU11lJR0DVko9I_w!2e0!6shttps:%2F%2Fstreetviewpixels-pa.googleapis.com%2Fv1%2Fthumbnail%3Fpanoid%3DlldCDPIU11lJR0DVko9I_w%26cb_client%3Dsearch.gws-prod.gps%26w%3D360%26h%3D120%26yaw%3D284.55643%26pitch%3D0%26thumbfov%3D100!7i16384!8i8192!4m15!1m8!3m7!1s0x874c57c95a5e3777:0x3d84a4cc057ac770!2s1582+S+Main+St,+Nephi,+UT+84648!3b1!8m2!3d39.6857399!4d-111.8381291!16s%2Fg%2F11tdrg7y5s!3m5!1s0x874c57c95a5e3777:0x3d84a4cc057ac770!8m2!3d39.6857399!4d-111.8381291!16s%2Fg%2F11tdrg7y5s?entry=ttu",,,,
UT,11/14/2023,Utah Department of Transportation- Rest Area,1,,"$600,000.00",Rocky Mountain Power,17845 US-6 Tie Fork,,,"https://www.google.com/maps/@39.9496048,-111.2177492,3a,75y,23.15h,88.19t/data=!3m7!1e1!3m5!1s-uxNLTJA_kq0P_t_Nq9s_Q!2e0!6shttps:%2F%2Fstreetviewpixels-pa.googleapis.com%2Fv1%2Fthumbnail%3Fpanoid%3D-uxNLTJA_kq0P_t_Nq9s_Q%26cb_client%3Dmaps_sv.tactile.gps%26w%3D203%26h%3D100%26yaw%3D186.54744%26pitch%3D0%26thumbfov%3D100!7i16384!8i8192?entry=ttu",,,,
UT,11/14/2023,Maverik,1,,"$556,178.17",Maverik,Carbon Ave & 600 S. Price/Wellington,,,"https://www.google.com/maps/@39.5898416,-110.8116276,3a,75y,231.96h,87.14t/data=!3m6!1e1!3m4!1srKe1IbvkyCD-QZmYkf0z5g!2e0!7i13312!8i6656?entry=ttu",,,,
UT,11/14/2023,Maverik,1,,"$597,258.17",Maverik,965 UT-99 Fillmore,,,"https://www.google.com/maps/@38.9486668,-112.3462562,3a,75y,138.56h,90.09t/data=!3m7!1e1!3m5!1sjelSiaDHm0uS2ujs67WWgQ!2e0!6shttps:%2F%2Fstreetviewpixels-pa.googleapis.com%2Fv1%2Fthumbnail%3Fpanoid%3DjelSiaDHm0uS2ujs67WWgQ%26cb_client%3Dmaps_sv.tactile.gps%26w%3D203%26h%3D100%26yaw%3D323.63324%26pitch%3D0%26thumbfov%3D100!7i16384!8i8192?entry=ttu",,,,
UT,11/14/2023,Ivie Creek Rest Area,1,,"$600,000.00",Rocky Mountain Power,13990 UT-76 Ivie Creek,,,"https://www.google.com/maps/@38.7555894,-111.4194764,3a,75y,114.65h,87.33t/data=!3m7!1e1!3m5!1s1eeBRiy3L_tO6o9U3GWXmg!2e0!6shttps:%2F%2Fstreetviewpixels-pa.googleapis.com%2Fv1%2Fthumbnail%3Fpanoid%3D1eeBRiy3L_tO6o9U3GWXmg%26cb_client%3Dmaps_sv.tactile.gps%26w%3D203%26h%3D100%26yaw%3D101.84334%26pitch%3D0%26thumbfov%3D100!7i3328!8i1664?entry=ttu",,,,
UT,11/14/2023,Grand County Transit Hub,1,,"$200,000.00",Rocky Mountain Power,1850 N. Main Moab,,,"https://www.google.com/maps/@38.6016842,-109.5754873,3a,75y,120.55h,90t/data=!3m8!1e1!3m6!1sAF1QipNbB331pSWOlkE_9sFaEtC3FiBw9jKVPF_P6XPZ!2e10!3e11!6shttps:%2F%2Flh5.googleusercontent.com%2Fp%2FAF1QipNbB331pSWOlkE_9sFaEtC3FiBw9jKVPF_P6XPZ%3Dw203-h100-k-no-pi-0.8143866-ya353.56735-ro-0.50032747-fo100!7i3840!8i1920?entry=ttu",,,,
UT,11/14/2023,John Corkery IV- Desert Moon Hotel & RV Park,1,,"$600,000.00",Utah.Energy,75 W. Old Hwy 6 & 50 Thompson Springs,,,"https://www.google.com/maps/@38.9712973,-109.7147356,3a,75y,217.03h,74.57t/data=!3m7!1e1!3m5!1sB14ZLKg-JpSc0V4zSxCRhg!2e0!6shttps:%2F%2Fstreetviewpixels-pa.googleapis.com%2Fv1%2Fthumbnail%3Fpanoid%3DB14ZLKg-JpSc0V4zSxCRhg%26cb_client%3Dmaps_sv.tactile.gps%26w%3D203%26h%3D100%26yaw%3D37.154964%26pitch%3D0%26thumbfov%3D100!7i16384!8i8192?entry=ttu",,,,
UT,11/14/2023,Kanosh Band of Paiutes- Cove Fort Travel Plaza,1,,"$600,000.00",Rocky Mountain Power,10950 Black Rock Road Cove Fort,,,"https://www.google.com/maps/@38.615826,-112.6126293,3a,75y,10.6h,86.16t/data=!3m7!1e1!3m5!1sm6URRi3PErKo1PpcfWhj9Q!2e0!6shttps:%2F%2Fstreetviewpixels-pa.googleapis.com%2Fv1%2Fthumbnail%3Fpanoid%3Dm6URRi3PErKo1PpcfWhj9Q%26cb_client%3Dmaps_sv.tactile.gps%26w%3D203%26h%3D100%26yaw%3D160.7069%26pitch%3D0%26thumbfov%3D100!7i16384!8i8192?entry=ttu",,,,
UT,11/14/2023,Maverik,1,,"$600,000.00",Maverik,265 E. Center Street Monticello,,,"https://www.google.com/maps/@37.872621,-109.3376654,3a,75y,345.81h,90t/data=!3m7!1e1!3m5!1sStzIXaahyHzOL-qMC4nXxw!2e0!6shttps:%2F%2Fstreetviewpixels-pa.googleapis.com%2Fv1%2Fthumbnail%3Fpanoid%3DStzIXaahyHzOL-qMC4nXxw%26cb_client%3Dmaps_sv.tactile.gps%26w%3D203%26h%3D100%26yaw%3D240.0895%26pitch%3D0%26thumbfov%3D100!7i16384!8i8192?entry=ttu",,,,
UT,11/14/2023,Utah Department of Transportation,1,,"$600,000.00",Rocky Mountain Power,"450 Main, Bluff",,,"https://www.google.com/maps/@37.2815904,-109.5675617,3a,75y,183.22h,87.02t/data=!3m7!1e1!3m5!1sxLXCTe5uBVquMimdJtATHQ!2e0!6shttps:%2F%2Fstreetviewpixels-pa.googleapis.com%2Fv1%2Fthumbnail%3Fpanoid%3DxLXCTe5uBVquMimdJtATHQ%26cb_client%3Dsearch.gws-prod.gps%26w%3D360%26h%3D120%26yaw%3D265.71457%26pitch%3D0%26thumbfov%3D100!7i16384!8i8192?entry=ttu",,,,
RI,12/20/2023,Ashaway Park & Ride,1,,,Chargepoint,"400 Main St, Ashaway, RI 02833",,,,,,,
RI,12/20/2023,Park & Ride (RI-117 - Warwick),1,,,Chargepoint,"292 Centerville Rd, Warwick, RI 02886",,,,,,,
KS,1/3/2024,Flying J,1,Awarded,"$644,446.37",Pilot Travel Centers LLC,4215 W Hwy 50 (I-35) Emporia KS,,,"https://www.google.com/maps/@38.4120586,-96.2371425,3a,90y,188.13h,78.91t/data=!3m7!1e1!3m5!1s2GV89FIVi7pT0IVhgTM1LQ!2e0!6shttps:%2F%2Fstreetviewpixels-pa.googleapis.com%2Fv1%2Fthumbnail%3Fpanoid%3D2GV89FIVi7pT0IVhgTM1LQ%26cb_client%3Dmaps_sv.tactile.gps%26w%3D203%26h%3D100%26yaw%3D351.6159%26pitch%3D0%26thumbfov%3D100!7i16384!8i8192?entry=ttu",,,,
KS,1/3/2024,Love’s,1,Awarded,"$695,492.09",Love's Travel Stops & Country Stores,3285 E U.S. 50 (U.S. 400) Garden City KS,,,"https://www.google.com/maps/@37.9602812,-100.8331836,3a,90y,4.36h,86.9t/data=!3m7!1e1!3m5!1s6uS4urFw4jo9YMvRPQd75A!2e0!6shttps:%2F%2Fstreetviewpixels-pa.googleapis.com%2Fv1%2Fthumbnail%3Fpanoid%3D6uS4urFw4jo9YMvRPQd75A%26cb_client%3Dmaps_sv.tactile.gps%26w%3D203%26h%3D100%26yaw%3D157.09729%26pitch%3D0%26thumbfov%3D100!7i16384!8i8192?entry=ttu",,,,
KS,1/3/2024,Pete’s,1,Awarded,"$857,044.35",Francis Energy,20 U.S. 400 Cherokee KS,,,"https://www.google.com/maps/@37.3391323,-94.8321939,3a,75y,280.47h,90.81t/data=!3m6!1e1!3m4!1s5F_5VMCLRq9eeNKtSoX83Q!2e0!7i16384!8i8192?entry=ttu",,,,
KS,1/3/2024,Pete’s,1,Awarded,"$856,175.64",Francis Energy,2400 E Washington St. (U.S. 400) Fredonia KS,,,"https://www.google.com/maps/@37.5298858,-95.800021,3a,75y,196.1h,92.03t/data=!3m7!1e1!3m5!1sb8ewfda_dGYD0oQeFOvqVA!2e0!6shttps:%2F%2Fstreetviewpixels-pa.googleapis.com%2Fv1%2Fthumbnail%3Fpanoid%3Db8ewfda_dGYD0oQeFOvqVA%26cb_client%3Dmaps_sv.tactile.gps%26w%3D203%26h%3D100%26yaw%3D271.18784%26pitch%3D0%26thumbfov%3D100!7i16384!8i8192?entry=ttu",,,,
KS,1/3/2024,Love’s,1,Awarded,"$709,591.45",Love's Travel Stops & Country Stores,1356 US Highway 81 (U.S. 81) Belleville KS,,,"https://www.google.com/maps/@39.8343722,-97.6376408,3a,90y,347.92h,90.91t/data=!3m6!1e1!3m4!1s7k7GwMXO_jqMJXaUUhSYvQ!2e0!7i16384!8i8192?entry=ttu",,,,
KS,1/3/2024,Casey’s,1,Awarded,"$885,345.57",Francis Energy,1900 E 1st St (U.S. 400) Pratt KS,,,"https://www.google.com/maps/@37.6461842,-98.7162962,3a,75y,78.51h,84.42t/data=!3m7!1e1!3m5!1sSdk0iHOvn7CdJ0jsl80jTg!2e0!6shttps:%2F%2Fstreetviewpixels-pa.googleapis.com%2Fv1%2Fthumbnail%3Fpanoid%3DSdk0iHOvn7CdJ0jsl80jTg%26cb_client%3Dmaps_sv.tactile.gps%26w%3D203%26h%3D100%26yaw%3D1.3210998%26pitch%3D0%26thumbfov%3D100!7i16384!8i8192?entry=ttu",,,,
NM,1/24/2024,Dick's Sporting Goods,1,Awarded,"$474,750.00",EvGateway, 200 N. Telshor Blvd.	Las Cruces,,,,,,,
NM,1/24/2024,Arby's,1,Awarded,"$745,648.00",Francis Energy,415 Clayton Rd. Raton,,,,,,,
NM,1/24/2024,Arby's,1,Awarded,"$765,268.00",Francis Energy,1010 S Hwy 85 Socorro,,,,,,,
NM,1/24/2024,Los Lunas Pavilions Shopping Center,1,Awarded,"$764,568.00",Francis Energy,"2510 Main St
Los Lunas, NM 87031",,,,,,,
NM,1/24/2024,Comfort Inn & Suites,1,Awarded,"$789,731.00",Francis Energy,"2205 N. Date St Truth or
 Consequence",,,,,,,
NM,1/24/2024,Flying J ,1,Awarded,"$652,266.00",Pilot Travel Centers LLC,1 Giant Crossing Jamestown,,,,,,,
NM,1/24/2024,"Pilot Travel Cente
",1,Awarded,"$578,203.00",Pilot Travel Centers LLC,305 W. Abrahames Rd. Moriarity,,,,,,,
NM,1/24/2024,Allsups,1,Awarded,"$469,813.13",Red E Charging LLC,2 Vista Del Monte	Santa Fe,,,,,,,
NM,1/24/2024,Fast Market #4619,1,Awarded,"$465,440.63",Red E Charging LLC, 2721 Coors BIvd. NW	Albuquerque,,,,,,,
NM,1/24/2024,Allsups,1,Awarded,"$615,707.20",Red E Charging LLC,103 W. Santa Fe Ave.        Grants,,,,,,,
NM,1/24/2024,Maxwell Station,1,Awarded,"$628,444.80",Red E Charging LLC, 215 3rd. St.	Maxwell,,,,,,,
NM,1/24/2024,Allsups,1,Awarded,"$610,440.00",Red E Charging LLC,712 S Camino Del	Bernalillo,,,,,,,
NM,1/24/2024,Bowlin Travel Centers,1,Awarded,"$626,693.36",SkyChargers LLC, 21535 Frontage Rd. SE Deming	,,,,,,,
NM,1/24/2024,"Circle K, Inc.",1,Awarded,"$551,415.00",Tesla,1316 Main Street Lordsburg,,,,,,,
NM,1/24/2024,Bowlin's Flying C,1,Awarded,"$738,855.00",Tesla,"Exit 234, I-40, Encino, NM 88321",,,,,,,
NM,1/24/2024,"Gallup Capital, LLC",1,Awarded,"$442,386.00",Tesla,700 US-491 Gallup,,,,,,,
NM,1/24/2024,LJM's Travel Center,1,Awarded,"$442,386.00",Tesla,504 Wagon Mound,,,,,,,
NM,1/24/2024,Comfort Inn,1,Awarded,"$443,986.00",Tesla, 2500 N. Grand Ave. Las Vegas,,,,,,,
NM,1/24/2024,Holiday Inn Express,1,Awarded,"$443,986.00",Tesla, 2516 US Rt. 66	Santa Rosa,,,,,,,
NM,1/24/2024,Holiday Inn Express,1,Awarded,"$443,986.00",Tesla, 2624 S Adams St.	Tucumcari,,,,,,,
TN,1/31/2024,Shell,1,,"$450,431.00",Shell,"2605 Highway 49 E Pleasant View, TN 37146",,,,,,,
TN,1/31/2024,"Love's Travel Stops Travel StopsTravel Stops & Country Stores, Inc",1,,"$550,000.00",Love's Travel Stops & Country Stores,"6137 Epps Mill Rd. Christiana, TN 37037",,,,,,,
TN,1/31/2024,"Love's Travel Stops Travel StopsTravel Stops & Country Stores, Inc",1,,"$630,000.00",Love's Travel Stops & Country Stores,"260 TVA Road Jasper, TN",,,,,,,
TN,1/31/2024,BP Products North America Inc,1,,"$636,580.00",BP,"3211 S Roan St. Johnson City, TN 37601",,,,,,,
TN,1/31/2024,Mr. Zip gas station w/Shell fuel,1,,"$580,459.00",Energy Hunters,"2004 Temple Hill Rd. Erwin, TN 37650",,,,,,,
TN,1/31/2024,"Love's Travel Stops Travel StopsTravel Stops & Country Stores, Inc",1,,"$600,000.00",Love's Travel Stops & Country Stores,"13820 US-641 N Holladay, TN 38341",,,,,,,
TN,1/31/2024,Pilot Travel Centers LLC,1,,"$611,994.00",Pilot Travel Centers LLC,"15559 Highway 13 South Hurricane Mills, TN 37078",,,,,,,
TN,1/31/2024,Shell,1,,"$446,807.00",Shell,"2331 Highway 46 S Dickson, TN 37055",,,,,,,
TN,1/31/2024,Thorntons,1,,"$572,080.00",BP,"7102 Charlotte Pike, Nashville, TN 37209",,,,,,,
TN,1/31/2024,Thorntons,1,,"$572,080.00",BP,"243 Highway 109 North Lebanon, TN 37090",,,,,,,
TN,1/31/2024,Uncle Pete's Truck Stop w/Route 66 Gas,1,,"$607,559.00",Universal EV LLC,"1210 Sparta Pike, Lebanon, TN 37087",,,,,,,
TN,1/31/2024,Pilot Travel Centers LLC,1,,"$590,346.00",Pilot Travel Centers LLC,"2449 Genesis Road Crossville, TN 38571",,,,,,,
TN,1/31/2024,PowerUp America LLC,1,,"$1,629,212.00",PowerUp America LLC,"75 Market St, Crab Orchard, TN 37723",,,,,,,
TN,1/31/2024,Old Capitol Town LLC (Food City),1,,"$861,015.00",Tesla,"1000 LADD Landing Blvd, Kingston, TN 37763",,,,,,,
TN,1/31/2024,"Love's Travel Stops Travel StopsTravel Stops & Country Stores, Inc",1,,"$550,000.00",Love's Travel Stops & Country Stores,"1129 Smokey Mountain Lane, Newport, TN 37821",,,,,,,
TN,1/31/2024,"Waffle House, Inc.",1,,"$702,423.00",Envirospark Networks,"9780 US Highway 64, Lakeland, TN 38002",,,,,,,
TN,1/31/2024,NY Truck Stop,1,,"$587,563.00",Universal EV LLC,"1410 W Market St Bolivar, TN 38008",,,,,,,
TN,1/31/2024,PowerUp America LLC,1,,"$1,359,770.48",PowerUp America LLC,"35°13'23.4""N 88°50'00.9""W",,,,,,,
TN,1/31/2024,Valero Fuel Station,1,,"$594,822.00",Universal EV LLC,"540 E Main St Adamsville, TN 38310",,,,,,,
TN,1/31/2024,PowerUp America LLC,1,,"$1,423,238.00",PowerUp America LLC,"35°19'43.1""N 87°46'45.8""W",,,,,,,
TN,1/31/2024,PowerUp America LLC,1,,"$1,437,489.00",PowerUp America LLC,"35°15'32.3""N 87°22'37.4""W",,,,,,,
TN,1/31/2024,New Prospects Market w/Marathon,1,,"$590,316.00",Universal EV LLC,"4030 Pulaski Hwy Lawrenceburg, TN 38464",,,,,,,
TN,1/31/2024,Santoshi Mataji INC (Shell Fuel),1,,"$592,341.00",Universal EV LLC,"2470 US-64 Pulaski, TN 38478",,,,,,,
TN,1/31/2024,SNJR 29 LLC (Shell Fuel),1,,"$592,706.00",Universal EV LLC,"706 Lewisburg Hwy Fayetteville, TN 37334",,,,,,,
TN,1/31/2024,Premprisha LLC (Trolley Rock Truck Stop),1,,"$576,102.00",Universal EV LLC,"8791 David Crockett Hwy Belvidere, TN 37306",,,,,,,
TN,1/31/2024,Pilot Travel Centers LLC,1,,"$595,434.00",Pilot Travel Centers LLC,"9211 Lewisburg Highway Cornersville, TN 37047",,,,,,,
TN,1/31/2024,"Love's Travel Stops Travel StopsTravel Stops & Country Stores, Inc",1,,"$600,000.00",Love's Travel Stops & Country Stores,"1001 Highway 76 White House, TN 37188",,,,,,,
TN,1/31/2024,Pilot Travel Centers LLC,1,,"$614,373.00",Pilot Travel Centers LLC,"507 Highway 309 Niota, TN 37826",,,,,,,
TN,1/31/2024,Shell,1,,"$599,235.00",Universal EV LLC,"2228 N Charles G Seivers Blvd Clinton, TN 37716",,,,,,,
TN,1/31/2024,Marathon Fueling Station,1,,"$687,448.00",Blink,"700 Jearoldstown Rd, Greeneville, TN 37745",,,,,,,
MI,2/13/2024,Admiral Petroleum,1,Awarded,"$589,371",GPM Investments,"4135 1 75 Bus Spur, Sault Sainte Marie, MI 49783",46.4626796,-84.374185,,,,,
MI,2/13/2024,Pat’s Foods,1,Awarded,"$589,371",Red E Charging LLC,"409 N 9th St, Gladstone, MI 49837",45.8508759,-87.021294,,,,,
MI,2/13/2024,Marathon Gas,1,Awarded,"$392,120",GPM Investments,"309 S Nicolet St, Mackinaw City, MI 49701",45.780998,-84.733979,,,,,
MI,2/13/2024,Beyond Juice,1,Awarded,"$424,605",Red E Charging LLC,2632 Crossing Cir. Traverse City MI 49684,44.7272398,-85.635138,,,,,
MI,2/13/2024,Marathon Oil Co,1,Awarded,"$415,913",GPM Investments,"2615 S I 75 Bus Loop, Grayling, MI 49738",44.6477199,-84.707966,,,,,
MI,2/13/2024,"Dollar Tree, Lowes, Taco Bell, Country View Bakery, Tractor Supply Co",1,Awarded,"$492,768",FLO,"4460 US-10, Ludington, MI 49431",43.957602,-86.392378,,,,,
MI,2/13/2024,Chase Bank,1,Awarded,"$718,654",EVgo,"1100 Michigan St NE , Grand Rapids, MI 49503",42.96973,-85.64204,,,,,
MI,2/13/2024,Admiral Petroleum Co,1,Awarded,"$390,534",GPM Investments,"2366 Alpine Ave NW, Walker, MI 49544",43.0063072,-85.688299,,,,,
MI,2/13/2024,Meijer Inc.,1,Awarded,"$693,393","Meijer, Inc.","1350 W Lake Lansing Rd East Lansing, MI 48823",42.76266,-84.50035,,,,,
MI,2/13/2024,Meijer,1,Awarded,"$904,693","Rivian, LLC","6200 S Pennsylvania Ave, Lansing, MI 48911",42.6670287,-84.540167,,,,,
MI,2/13/2024,Go Green Sunoco,1,Awarded,"$679,567","Markham Enterprises, Inc.","3000 Dunckel Road, Lansing, MI 48910",42.6894759,-84.509197,,,,,
MI,2/13/2024,Applebee’s,1,Awarded,"$392,120",Francis Energy,"3129 Miller Rd, Flint, MI 48507",42.989671,-83.735973,,,,,
MI,2/13/2024,BP,1,Awarded,"$550,000",GPM Investments,"3930 Corunna Rd, Flint, MI 48532",43.0026609,-83.738435,,,,,
MI,2/13/2024,Love’s Travel Stops & Country Stores,1,Awarded,"$594,890",Love's Travel Stops & Country Stores,"1336 Wadhams Road, St. Clair, MI 48079",42.863608,-82.558938,,,,,
MI,2/13/2024,Pilot Travel Center,1,Awarded,"$717,402",Pilot Travel Centers LLC,"1860 East Napier Ave, Benton Harbor, MI 49022",42.0900355,-86.412375,,,,,
MI,2/13/2024,Southland Mall,1,Awarded,"$502,450",EVgo,"6110 S. Westnedge Avenue, Portage, MI 49024",42.22577,-85.58977,,,,,
MI,2/13/2024,Pilot Travel Center,1,Awarded,"$362,397",Pilot Travel Centers LLC,"15901 Eleven Mile Rd, Battle Creek, MI 49014",42.303023,-85.082396,,,,,
MI,2/13/2024,Marathon Gas,1,Awarded,"$459,448",Red E Charging LLC,"714 E Warren Ave, Detroit, MI 48201",42.3601849,-83.055044,,,,,
MI,2/13/2024,RiteAid,1,Awarded,"$599,341",Red E Charging LLC,630 W Mitchell St Petoskey MI 49770,45.3706256,-84.971437,,,,,
MI,2/13/2024,Family Fare Supermarket,1,Awarded,"$665,581",Francis Energy,"829 W Main St, Gaylord, MI 49734",45.0251,-84.682973,,,,,
MI,2/13/2024,Wesco,1,Awarded,"$489,716",Red E Charging LLC,"4921 S 220th Ave, Reed City, MI 49677",43.8864714,-85.523304,,,,,
MI,2/13/2024,Marathon/Admiral,1,Awarded,"$403,223",GPM Investments,"2982 W Monroe Rd, Alma, MI 48801",43.4082665,-84.665588,,,,,
MI,2/13/2024,Love’s Travel Stops & Country Stores,1,Awarded,"$550,000",Love's Travel Stops & Country Stores,"3191 Capac Rd, Capac, MI 48014",42.9894997,-82.929369,,,,,
MI,2/13/2024,BP,1,Awarded,"$848,857",GPM Investments,"2500 Airport Rd, Jackson MI 49202",42.2676161,-84.45317,,,,,
MI,2/13/2024,Jackson Crossing - Great Neck (Rhino Investment Properties),1,Awarded,"$404,016",Francis Energy,"1285 Boardman Rd, Jackson, MI, 49202-1995",42.269947,-84.429975,,,,,
MI,2/13/2024,Bay College West Campus,1,Awarded,"$615,457",Jule,"2801 U.S. Rte 2, Iron Mountain, MI 49801, USA",45.8471732,-88.048471,,,,,
MI,2/13/2024,Kewadin Casino,1,Awarded,"$853,467",Cloverland Electric Cooperative,"US 2 E. Rte. 1, 5630 US HWY 2, Manistique, MI 49854",45.969111,-86.160229,,,,,
MI,2/13/2024,Saddle Up Gas and Grocery,1,Awarded,"$907,987",Francis Energy,"12991 Pleasanton Hwy, Bear Lake, MI 49614-9315",44.430742,-86.127817,,,,,
MI,2/13/2024,Wesco,1,Awarded,"$488,017",Red E Charging LLC,"2983 Benzie Hwy, Benzonia, MI 49616",44.5887692,-86.098615,,,,,
MI,2/13/2024,Beacon & Bridge Market,1,Awarded,"$542,807",AGI,"9391 W Lake City Rd, Houghton Lake, MI 48629",44.3355915,-84.800916,,,,,
MI,2/13/2024,Mobil,1,Awarded,"$328,177",Red E Charging LLC,"2997 Cook Rd, West Branch, MI 48661",44.2484608,-84.224384,,,,,
MI,2/13/2024,McCormick,1,Awarded,"$719,993","McCormick Land II, LLC","232 E Bard Rd, Muskegon, MI 49445",43.3249062,-86.235784,,,,,
MI,2/13/2024,Wesco,1,Awarded,"$457,862",Red E Charging LLC,"1819 E Apple Ave, Muskegon, MI 49442",43.2342005,-86.198632,,,,,
MI,2/13/2024,Pilot Travel Center,1,Awarded,"$598,408",Pilot Travel Centers LLC,"853 Interchange Drive, Holland, MI 49423",42.7406493,-86.069872,,,,,
MI,2/13/2024,Sunoco,1,Awarded,"$424,605",Red E Charging LLC,"602 W Grand River Ave Brighton, MI 48116",42.5340179,-83.782392,,,,,
MI,2/13/2024,BP,1,Awarded,"$365,513",Red E Charging LLC,"3700 Joslyn Rd, Auburn Hills, MI 48326",42.6952555,-83.278436,,,,,
MI,2/13/2024,BP,1,Awarded,"$206,144",Red E Charging LLC,"8733 Swan Creek Rd, Newport, MI 48166",42.0017325,-83.308215,,,,,
MI,2/13/2024,Noonday Market,1,Awarded,"$701,353","GLG, LLC d/b/a/ Noonday Market","1150 129th Avenue, Shelbyville, MI 49344",42.6300788,-85.658285,,,,,
MI,2/13/2024,Sunoco,1,Awarded,"$589,371",GPM Investments,"4180 Luna Pier Rd., Luna Pier, 48197",41.8103505,-83.447211,,,,,
MI,2/13/2024,Admiral Petroleum Co,1,Awarded,"$670,979","Markham Enterprises, Inc.","720 N Lincoln Rd, Escanaba, MI 49829",45.754595,-87.076778,,,,,
MI,2/13/2024,Road Trip Oasis Sunoco,1,Awarded,"$431,624","Rivian, LLC","3034 Lansing Rd, Perry, MI 48872",42.8360826,-84.221103,,,,,
TX,2/15/2024,Valero,1,,"$997,922.00","Impower Connection, Inc","2190 I-40, Adrian, TX 79001",,,,,,,
TX,2/15/2024,Garrison Food Mart,1,,"$873,330.00",Francis Energy,"203 FM2300, Groom, TX 79039",,,,,,,
TX,2/15/2024,Conoco Tower Station & U-Drop Inn Cafe,1,,"$435,796.00",Tesla,"111 U.S. Rt. 66, Shamrock, TX 79079",,,,,,,
TX,2/15/2024,The Lunch Box,1,,"$998,800.00","Impower Connection, Inc","300 N Eastern Ave, Happy, TX 79042",,,,,,,
TX,2/15/2024,Dos Jefes,1,,"$873,092.00",Francis Energy,"4009 Olton Rd, Plainview, TX 79072",,,,,,,
TX,2/15/2024,Shell,1,,"$711,200.00",GPM Investments,"1505 Shannon Rd E, Sulphur Springs, TX 75482",,,,,,,
TX,2/15/2024,Shell,1,,"$703,438.00",GPM Investments,"2004 N Jefferson Ave, Mt Pleasant, TX 75455",,,,,,,
TX,2/15/2024,Circle K,1,,"$600,000.00",Petroleum Wholesale L.C.,"905 N McCoy Blvd, New Boston, TX 75570",,,,,,,
TX,2/15/2024,Love's Travel Stops,1,,"$1,022,967.00",Love's Travel Stops & Country Stores,"1188 S Oak St, Van, TX 75790",,,,,,,
TX,2/15/2024,TA Express,1,,"$869,743.00",Francis Energy,"4403 TX-42, Kilgore, TX 75662",,,,,,,
TX,2/15/2024,Catfish Village,1,,"$868,210.00",Francis Energy,"1950 W Texas Ave, Waskom, TX 75692",,,,,,,
TX,2/15/2024,Chicken Express,1,,"$1,749,220.00",Francis Energy,"86837 I-20, Santo, TX 76472",,,,,,,
TX,2/15/2024,Family Dollar,1,,"$870,062.00",Francis Energy,"113 S Access Rd, Clyde, TX 79510",,,,,,,
TX,2/15/2024,Pilot Travel Center,1,,"$744,263.00",Pilot Travel Centers LLC,"602 NE 11th St, Big Spring, TX 79720",,,,,,,
TX,2/15/2024,The Texan,1,,"$413,796.00",Tesla,"2100 S Stockton Ave, Monahans, TX 79756",,,,,,,
TX,2/15/2024,Love's Travel Stops,1,,"$1,109,972.00","Impower Connection, Inc","325 W El Paso St, Sierra Blanca, TX 79851",,,,,,,
TX,2/15/2024,Road Ranger,1,,"$777,600.00","Road Ranger, LLC","601 US-277, Sonora, TX 76950",,,,,,,
TX,2/15/2024,Valero,1,,"$1,176,654.00","Impower Connection, Inc","8686 TX-17, Balmorhea, TX 79718",,,,,,,
TX,2/15/2024,Shell,1,,"$936,567.00",Shell,"FM1663, Winnie, TX 77665",,,,,,,
TX,2/15/2024,McDonald's,1,,"$971,247.00",Shell,"2128 Sidney Baker St, Kerrville, TX 78028",,,,,,,
TX,2/15/2024,Rudy's Country Store and BBQ,1,,"$971,247.00",Shell,"15560 I-35, Selma, TX 78154",,,,,,,
TX,2/15/2024,Scarborough Travel Stop,1,,"$1,408,319.00","H&D Realty Investments, LLC","3298 I-35E, Waxahachie, TX 75167",,,,,,,
TX,2/15/2024,QuikTrip,1,,"$413,796.00",Tesla,"1526 Old Iowa Park Rd, Wichita Falls, TX 76306",,,,,,,
TX,2/15/2024,McDonald's,1,,"$600,000.00",Circle K,"10539 TX-359, Mathis, TX 78368",,,,,,,
TX,2/15/2024,Love's Travel Stops,1,,"$1,040,011.00",Love's Travel Stops & Country Stores,"2645 I-37, Three Rivers, TX 78071",,,,,,,
TX,2/15/2024,Love's Travel Stops,1,,"$1,022,967.00",Love's Travel Stops & Country Stores,"28527 I-35, Encinal, TX 78019",,,,,,,
TX,2/15/2024,Love's Travel Stops,1,,"$600,000.00",Love's Travel Stops & Country Stores,"21548 FM471, Natalia, TX 78059",,,,,,,
TX,2/15/2024,Embassy Suites,1,,"$435,796.00",Tesla,"800 Convention Center Blvd, McAllen, TX 78501",,,,,,,
TX,2/15/2024,Choche's Bodega,1,,"$1,747,214.00",Francis Energy,"875 S Sam Houston Blvd, San Benito, TX 78586",,,,,,,
TX,2/15/2024,Shell,1,,"$898,797.00",Shell,"15145 Southwest Fwy, Sugar Land, TX 77478",,,,,,,
TX,2/15/2024,HEB,1,,"$970,000.00",Shell,"2511 Trimmier Rd #100, Killeen, TX 76542",,,,,,,
TX,2/15/2024,Chevron,1,,"$969,436.00","Impower Connection, Inc","2025 S Cherry Ln, White Settlement, TX 76108",,,,,,,
TX,2/15/2024,Panda Express,1,,"$805,601.00",Sustainable Energies Corporation,"4661 Little Rd, Arlington, TX 76017",,,,,,,
TX,2/15/2024,La Michoacana Meat Market,1,,"$870,269.00",Francis Energy,"1000 N Travis St, Sherman, TX 75090",,,,,,,
TX,2/15/2024,Mobile,1,,"$562,344.00",Tesla,"1200 I-35 N frontage road, Gainesville, TX 76240",,,,,,,
TX,2/15/2024,HEB,1,,"$970,000.00",Shell,"3500 Leopard St, Corpus Christi, TX 78408",,,,,,,
TX,2/15/2024,Best Western,1,,"$1,199,500.00",Graviti Energy,"5410 I-27, Lubbock, TX 79404",,,,,,,
TX,2/15/2024,Tiger Tote,1,,"$598,500.00",Graviti Energy,"1950 Martin Luther King Jr Blvd, Corsicana, TX 75110",,,,,,,
TX,2/15/2024,Best Western,1,,"$874,922.00",Francis Energy,"2304 TX-208, Colorado City, TX 79512",,,,,,,
TX,2/15/2024,LaBodega,1,,"$1,740,095.00",Francis Energy,"1203 S Grant Ave, Odessa, TX 79761",,,,,,,
TX,2/15/2024,Mcdonald's,1,,"$413,796.00",Tesla,"1105 TX-186, Raymondville, TX 78580",,,,,,,
TX,2/15/2024,Love's Travel Stops,1,,"$1,298,262.00",Love's Travel Stops & Country Stores,"8420 N Expressway 281, Edinburg, TX 78542",,,,,,,
TX,2/15/2024,Chevron,1,,"$754,192.00",Petroleum Wholesale L.C.,"2431 W Commerce St, Buffalo, TX 75831",,,,,,,
TX,2/15/2024,Allsups,1,,"$730,438.00",Red E Charging LLC,"1107 N 7th St, Merkel, TX 79536",,,,,,,
TX,2/15/2024,HEB,1,,"$729,192.00",Tesla,"641 E Hopkins St, San Marcos, TX 78666",,,,,,,
GA,2/20/2024,Waffle House (address estimated),1,Awarded,,Envirospark Networks,"706 7th St W, Tifton, GA 31794",,,,,,,
GA,2/20/2024,Wendy's,1,Awarded,,Francis Energy,"318 GA-49, Byron, GA 31008",,,,,,,
GA,2/20/2024,RaceTrac Gas Station,1,Awarded,,Silver Comet Energy,"2262 US-441, Dublin, GA 31021",,,,,,,
GA,2/20/2024,Shell Super Stop,1,Awarded,,Envirospark Networks,"1205 S Lewis St, Metter, GA 30439",,,,,,,
GA,2/20/2024,Love's,1,Awarded,,Love's Travel Stops & Country Stores,"2766 Hwy 17, Brunswick, GA 31523",,,,,,,
NH,2/28/2024,White Mountain Visitor Center,1,Awarded,"$700,000.00",Revision Energy,"200 KANCAMAGUS Hwy North Woodstock, NH 03262",,,,,,,
NH,2/28/2024,Applebee’s,1,Awarded,"$700,000.00",Gridwealth EV,"75 Laconia Road Tilton, NH",,,"https://www.google.com/maps/place/75+Laconia+Road+Tilton,+NH/@43.4564145,-71.5646252,3a,75y,155.69h,90t/data=!3m4!1e1!3m2!1sC8U66yRU8FbZMRTNwSv-Eg!2e0!4m2!3m1!1s0x89e27529a6829647:0x88738aa1a47479da?sa=X&ved=1t:3780&ictx=111",,,,
NH,2/28/2024,Market Basket,1,Awarded,"$700,000.00",Gridwealth EV,"127 Market Place Blvd, Rochester NH",,,"https://www.google.com/maps/place/127+Market+Place+Blvd,+Rochester+NH/@43.3315251,-71.0080783,3a,75y,59.19h,90t/data=!3m4!1e1!3m2!1s87uhO06MxpqZLH_jpHlhLA!2e0!4m2!3m1!1s0x89e283520456a425:0x7ac13b1aae4e728e?sa=X&ved=1t:3780&ictx=111",,,,
NH,2/28/2024,Global Mobil Mart,1,Awarded,"$700,000.00",Global Montello Group,"393 Meadow St, Sanbornville, NH 03872",,,,,,,
VA,3/22/2024,BP Station,1,,"$886,069.00",Francis Energy,"584 E. Madison Street, Covington, VA 24426",,,"https://www.google.com/maps?q&layer=c&cbll=37.778235,-79.977231&cbp=11,0,0,0,0",,,,
VA,3/22/2024,Tractor Supply,1,,"$841,569.00",Francis Energy,"800 N. Lee Highway, Lexington, VA 24450-3725",,,"http://maps.google.com/maps?q=&layer=c&cbll=37.797182,-79.421384&cbp=11,0,0,0,0",,,,
VA,3/22/2024,Home2 Suites by Hilton,1,,"$581,209.00",Universal EV LLC,"2915 Emerywood Parkway, Richmond, VA 23294",,,"http://maps.google.com/maps?q=&layer=c&cbll=37.609123,-77.522622&cbp=11,0,0,0,0",,,,
VA,3/22/2024,Love's Travel Stop,1,,"$639,634.00",Love's Travel Stops & Country Stores,"6870 Jimmy Burrell Lane, Providence Forge, VA 23140",,,"http://maps.google.com/maps?q=&layer=c&cbll=37.500543,-77.091166&cbp=11,0,0,0,0",,,,
VA,3/22/2024,Amoco Station,1,,"$692,946.00",Global Montello Group,"2154 S. Military Highway, Chesapeake, VA 23320",,,"http://maps.google.com/maps?q=&layer=c&cbll=36.778398,-76.266845&cbp=11,0,0,0,0",,,,
VA,3/22/2024,Circle K,1,,"$521,275.00",Circle K,"1682 Lead Mine Road, Austinville, VA 24312",,,"http://maps.google.com/maps?q=&layer=c&cbll=36.849932,-80.863377&cbp=11,0,0,0,0",,,,
VA,3/22/2024,Circle K,1,,"$479,534.00",Circle K,"1020 Peppers Ferry Road, Wytheville, VA 24382",,,"http://maps.google.com/maps?q=&layer=c&cbll=36.965945,-81.069094&cbp=11,0,0,0,0",,,,
VA,3/22/2024,Circle K,1,,"$412,630.00",Circle K,"5522 Highway 11, Atkins, VA 24311",,,"https://www.google.com/maps?q&layer=c&cbll=36.864864,-81.434912&cbp=11,0,0,0,0",,,,
VA,3/22/2024,Quality Inn Christiansburg,1,,"$581,209.00",Universal EV LLC,"50 Hampton Blvd NE, Building A, Christiansburg, VA 24073",,,"http://maps.google.com/maps?q=&layer=c&cbll=37.13891,-80.352918&cbp=11,0,0,0,0",,,,
VA,3/22/2024,Orchard Creek Truck Stop,1,,"$896,477.00",BP,"2440 Raphine Road, Raphine, VA 24470",,,"http://maps.google.com/maps?q=&layer=c&cbll=37.930829,-79.227494&cbp=11,0,0,0,0",,,,
VA,3/22/2024,Super 8 Motel,1,,"$587,947.00",Universal EV LLC,"3330 South Main Street, Harrisonburg, VA 22407",,,"http://maps.google.com/maps?q=&layer=c&cbll=38.403773,-78.91003&cbp=11,0,0,0,0",,,,
VA,3/22/2024,KFC,1,,"$829,343.00",Francis Energy,"707 E. Atlantic Street, South Hill, VA 23970",,,"http://maps.google.com/maps?q=&layer=c&cbll=36.720782,-78.11838&cbp=11,0,0,0,0",,,,
VA,3/22/2024,Valero,1,,"$588,220.00",GPM Investments,"23002 Airport Street, Petersburg, VA 23803",,,"http://maps.google.com/maps?q=&layer=c&cbll=37.193635,-77.507104&cbp=11,0,0,0,0",,,,
VA,3/22/2024,Pilot Travel Center,1,,"$292,444.00",Pilot Travel Centers LLC,"781 Moores Ferry Road, Skippers, VA 23879",,,"http://maps.google.com/maps?q=&layer=c&cbll=36.606394,-77.560554&cbp=11,0,0,0,0",,,,
VA,3/22/2024,Holiday Inn Petersburg North-Fort Lee Colonial Heights,1,,"$580,590.00",Universal EV LLC,"401 East Roslyn Road, Colonial Heights, VA 23834",,,"http://maps.google.com/maps?q=&layer=c&cbll=37.242262,-77.388625&cbp=11,0,0,0,0",,,,
VA,3/22/2024,Spotsylvania Towne Centre Mall,1,,"$569,789.00",Electrify America,"137 Spotsylvania Mall Drive, Fredericksburg, VA 22407",,,"http://maps.google.com/maps?q=&layer=c&cbll=38.293814,-77.514751&cbp=11,0,0,0,0",,,,
VA,3/22/2024,Hampton Inn Hopewell Fort Lee,1,,"$581,817.00",Universal EV LLC,"5103 Plaza Drive, Hopewell, VA 23860",,,"http://maps.google.com/maps?q=&layer=c&cbll=37.262486,-77.325538&cbp=11,0,0,0,0",,,,
VA,3/22/2024,Millers Station,1,,"$732,797.00",Global Montello Group,"11301 Nuckols Road, Glen Allen, VA 23059",,,"http://maps.google.com/maps?q=&layer=c&cbll=37.682056,-77.589472&cbp=11,0,0,0,0",,,,
IN,3/28/2024,Love's Travel Stops Love's Travel Stops,1,Awarded,,Love's Travel Stops & Country Stores,"901 E 1250 S, Haubstadt, IN, 47639",,,,,,,
IN,3/28/2024,Quality Inn & Suites,1,Awarded,,Universal EV LLC,"440 Main St, Ferdinand, IN, 47532",,,,,,,
IN,3/28/2024,Love's Travel Stops Love's Travel Stops,1,Awarded,,Love's Travel Stops & Country Stores,"6582 IN-66, Leavenworth, IN, 47137",,,,,,,
IN,3/28/2024,Jeffersonville Town Center,1,Awarded,,Tesla,"1540 Veterans Pkwy, Jeffersonville,, IN, 47130",,,,,,,
IN,3/28/2024,TravelCenters of America,1,Awarded,,BP,"2636 E Tipton St, Seymour, IN, 47274",,,,,,,
IN,3/28/2024,Thorntons,1,Awarded,,BP,"12001 N US 31, Edinburgh, IN, 46124",,,,,,,
IN,3/28/2024,"Ricker Oil Co., Inc.",1,Awarded,,BP,"5030 Southport Crossing, Indianapolis, IN, 46237",,,,,,,
IN,3/28/2024,TravelCenters of America,1,Awarded,,BP,"5930 E State Rd 334, Whitestown, IN, 46075",,,,,,,
IN,3/28/2024,Meijer,1,Awarded,,Tesla,"4901 IN-26 #26e, Lafayette, IN, 47905",,,,,,,
IN,3/28/2024,Meijer,1,Awarded,,NIPSCO,"611 W Lincoln Hwy, Merrillville, IN, 46410",,,,,,,
IN,3/28/2024,Casey's,1,Awarded,,Red E Charging LLC,"2020 S Green River Rd, Evansville, IN, 47715",,,,,,,
IN,3/28/2024,Chase Bank,1,Awarded,,EVgo,"370 N Jacob Dr, Bloomington, IN, 47404",,,,,,,
IN,3/28/2024,Village Pantry,1,Awarded,,Village Pantry,"9550 N Hague Road, Indianapolis, IN, 46256",,,,,,,
IN,3/28/2024,TravelCenters of America,1,Awarded,,BP,"14000 W State Rd 28, Gaston, IN, 47342",,,,,,,
IN,3/28/2024,Pilot,1,Awarded,,Pilot Travel Centers LLC,"6255 SR 18 E, Marion, IN, 46952",,,,,,,
IN,3/28/2024,Hampton Inn,1,Awarded,,Francis Energy,"3520 E Dupont Rd, Fort Wayne, IN, 46825",,,,,,,
IN,3/28/2024,TravelCenters of America,1,Awarded,,BP,"7265 N Baker Rd, Fremont, IN, 46737",,,,,,,
IN,3/28/2024,Thorntons,1,Awarded,,BP,"2665 S State Rd 46, Terre Haute, IN, 47803",,,,,,,
IN,3/28/2024,TravelCenters of America,1,Awarded,,BP,"10346 S State Rd 39, Clayton, IN, 46118",,,,,,,
IN,3/28/2024,Pilot,1,Awarded,,Pilot Travel Centers LLC,"5300 S SR 3, Spiceland, IN, 47382",,,,,,,
IN,3/28/2024,Pilot,1,Awarded,,Pilot Travel Centers LLC,"4403 E SR 32, Crawfordsville, IN, 47933",,,,,,,
IN,3/28/2024,Wawa,1,Awarded,,Wawa. Inc.,"60 Easter Garner Rd, Browsburg, IN, 46112",,,,,,,
IN,3/28/2024,Holiday Inn Express & Suites,1,Awarded,,Universal EV LLC,"38 W Rampart Rd, Shelbyville, IN, 46176",,,,,,,
IN,3/28/2024,Colonial Oil Industries,1,Awarded,,BP,"904 State Rte 229, Batesville, IN, 47006",,,,,,,
IN,3/28/2024,Hard Rock Casino,1,Awarded,,NIPSCO,"5400 W 29th Ave, Gary, IN, 46406",,,,,,,
IN,3/28/2024,Pilot,1,Awarded,,Pilot Travel Centers LLC,"1401 Ripley St, Lake Station, IN, 46405",,,,,,,
IN,3/28/2024,Indiana Toll Road,1,Awarded,,Tesla,"3 5 Knute Rockne Plaza, Rolling Prairie, IN, 46371",,,,,,,
IN,3/28/2024,Indiana Toll Road,1,Awarded,,Tesla,"7 N Wilbur Shaw Plaza, Rolling Prairie, IN, 46371",,,,,,,
IN,3/28/2024,Pilot,1,Awarded,,Pilot Travel Centers LLC,"6424 West Brick Rd, South Bend, IN, 46628",,,,,,,
IN,3/28/2024,Indiana Toll Road,1,Awarded,,Tesla,"2971 Moose Trail, Elkhart, IN, 46514",,,,,,,
IN,3/28/2024,Indiana Toll Road,1,Awarded,,Tesla,"28054 Co Rd 4 West, Elkhart, IN, 46514",,,,,,,
IN,3/28/2024,Indiana Toll Road,1,Awarded,,Tesla,"7065 N 475 E, Howe, IN, 46746",,,,,,,
IN,3/28/2024,Indiana Toll Road,1,Awarded,,Tesla,"7065 N 475 E, Howe, IN, 46746",,,,,,,
IN,3/28/2024,,1,Awarded,,Love's Travel Stops & Country Stores,"US-421, Michigan City, IN, 46360",,,,,,,
IN,3/28/2024,Meijer,1,Awarded,,Tesla,"4222 Charlestown Rd, New Albany, IN, 47150",,,,,,,
IN,3/28/2024,Thorntons,1,Awarded,,BP,"5760 Crawfordsville Rd, Speedway, IN, 46224",,,,,,,
IN,3/28/2024,La Quinta Inn and Suites,1,Awarded,,Tesla,"5120 Victory Dr, Indianapolis, IN, 46203",,,,,,,
IN,3/28/2024,Pilot,1,Awarded,,Pilot Travel Centers LLC,"3105 Doyle Rd, New Haven, IN, 46774",,,,,,,
IN,3/28/2024,Love's Travel Stops Love's Travel Stops,1,Awarded,,Love's Travel Stops & Country Stores,"1875 S Campbell Crossing, Tipton, IN, 46072",,,,,,,
CO,4/4/2024,N/A,2*,Awarded,"$460,000.00",Electrify America,"1896 Democracy Pt., Colorado Springs, Colorado 80908",,,https://goo.gl/maps/zFW8adxLdRx8JoiKA,,,,
CO,4/4/2024,Hotel,2*,Awarded,"$375,000.00",EVGateway,"2025 Main St, Alamosa, Colorado 81101",,,https://goo.gl/maps/kYfdYH2CYMFANnxe6,,,,
CO,4/4/2024,Hotel,2*,Awarded,"$620,000.00",EVGateway,"3228 I-70BL, Clifton, Colorado 81520",,,https://goo.gl/maps/oah8fJHkkqScEGeG6,,,,
CO,4/4/2024,Hotel,2*,Awarded,"$380,000.00",EVGateway,"30362 US-160, South Fork, Colorado 81154",,,,,,,
CO,4/4/2024,Hotel,2*,Awarded,"$580,000.00",Driivz,"1655 E. Main Street, Montrose, Colorado 81401",,,https://goo.gl/maps/dBzzDM83HMbRseTm6,,,,
CO,4/4/2024,Local Government,2*,Awarded,"$625,000.00",Loop,"2335 Sherman Ave, Monte Vista, Colorado 81144",,,"https://www.google.com/maps/@38.9900533,-104.7935275,3a,75y,282.72h,79.08t/data=!3m7!1e1!3m5!1sFYuau_xfz_DdYqZ7wJJqyw!2e0!6shttps:%2F%2Fstreetviewpixels-pa.googleapis.com%2Fv1%2Fthumbnail%3Fpanoid%3DFYuau_xfz_DdYqZ7wJJqyw%26cb_client%3Dmaps_sv.tactile.gps%26w%3D203%26h%3D100%26yaw%3D266.15048%26pitch%3D0%26thumbfov%3D100!7i13312!8i6656?entry=ttu",,,,
CO,4/4/2024,Local Government,2*,Awarded,"$605,000.00",Loop,"1360 Greene St, Silverton, Colorado 81433",,,,,,,
CO,4/4/2024,Hotel,2*,Awarded,"$625,000.00",Loop,"411 US 160, Fort Garland, Colorado 81133",,,,,,,
CO,4/4/2024,Hotel,2*,Awarded,"$625,000.00",Loop,"230 N Interocean, Holyoke, Colorado 80734",,,,,,,
CO,4/4/2024,Hotel,2*,Awarded,"$625,000.00",Loop,"1011 W 8th Ave, Yuma, Colorado 80759",,,,,,,
CO,4/4/2024,N/A,2*,Awarded,"$840,000.00",ChargePoint,"582 S Lincoln, Burlington, Colorado 80807",,,,,,,
CO,4/4/2024,N/A,2*,Awarded,"$870,000.00",ChargePoint,"690 Doc Holliday Drive Canon City, Colorado 81212",,,,,,,
CO,4/4/2024,N/A,2*,Awarded,"$720,000.00",ChargePoint,"5505 Travel Plaza Drive, Fountain, Colorado 80817",,,,,,,
CO,4/4/2024,N/A,2*,Awarded,"$480,000.00",ChargePoint,"6470 N Elizabeth Street, Pueblo, Colorado 81008",,,,,,,
CO,4/4/2024, N/A,2*,Awarded,"$870,000.00",ChargePoint,"99800 Interstate 25, Walsenburg, Colorado 81089",,,,,,,
CO,4/4/2024,N/A,2*,Awarded,"$480,000.00",Electrify America,"520 Peterson Rd., Colorado Springs, Colorado 80915",,,,,,,
CO,4/4/2024,N/A,2*,Awarded,"$480,000.00",Electrify America,"221 S 8th St., Colorado Springs, Colorado 80905",,,,,,,
CO,4/4/2024,N/A,2*,Awarded,"$499,000.00",Electrify America,"2495 Williams Ave, Limon, Colorado 80828",,,,,,,
CO,4/4/2024,Convenience Store,2*,Awarded,"$260,000.00",Tesla,"1190 South 1st Street, Bennett, Colorado 80102",,,,,,,
CO,4/4/2024,Convenience Store,2*,Awarded,"$430,000.00",Tesla,"1156 CO-71, Brush, Colorado 80723",,,,,,,
CO,4/4/2024,Hotel,2*,Awarded,"$375,000.00",Tesla,"401 Tree Farm Drive, Carbondale, Colorado 81623",,,,,,,
CO,4/4/2024,Hotel,2*,Awarded,"$510,000.00",Tesla,"1202 Summit Blvd, Frisco, Colorado 80443",,,,,,,
CO,4/4/2024,Shopping Center,2*,Awarded,"$420,000.00",Tesla,"880 N Main Street, Gunnison, Colorado 81230",,,,,,,
CO,4/4/2024,Shopping Center,2*,Awarded,"$410,000.00",Tesla,"7 Conley Road, La Junta, Colorado 81050",,,,,,,
CO,4/4/2024,Shopping Center,2*,Awarded,"$285,000.00",Tesla,"700 Ken Pratt Blvd, Longmont, Colorado 80501",,,,,,,
CO,4/4/2024,Hotel,2*,Awarded,"$375,000.00",Tesla,"125 Overland Trail, Sterling, Colorado 80751",,,,,,,
CO,4/4/2024,Shopping Center,2*,Awarded,"$235,000.00",Tesla,"3400 Youngfield Street, Wheat Ridge, Colorado 80021",,,,,,,
CO,4/4/2024,N/A,2*,Awarded,"$560,000.00",ChargePoint,"220 E. Benchmark Rd, Avon, Colorado 81620",,,,,,,
AR,4/5/2024,Pilot Travel Center,1,Awarded,"$581,000",Pilot Travel Centers LLC,"170 Valley St, Caddo Valley, AR 71923",,,,,,,
AR,4/5/2024,Love's Travel Stops,1,Awarded,"$753,000",Love's Travel Stops & Country Stores,"6716 AR-171, Malvern, AR 72104",,,,,,,
AR,4/5/2024,Casey's,1,Awarded,"$987,000",Francis Energy,"1705 Hwy 9B. Morrilton, AR 72110",,,,,,,
AR,4/5/2024,Alma Harps,1,Awarded,"$479,000",Tesla,"106 U. S. Hwy 71, Alma, AR 72921",,,,,,,
AR,4/5/2024,Petro Travel Center,1,Awarded,"$943,000",BP,"3900 Petro Rd, West Memphis, AR 72301",,,,,,,
AR,4/5/2024,Cracker Barrel,1,Awarded,"$516,000",Tesla,"1600 N 6th St, West Memphis, AR 72301",,,,,,,
AR,4/5/2024,Cracker Barrel,1,Awarded,"$516,000",Tesla,"525 Skyline Dr, Conway, AR 72032",,,,,,,
AR,4/5/2024,Circle K,1,Awarded,"$498,000",Circle K,"1954 Hwy 31, Lonoke, AR 72086",,,,,,,
AR,4/5/2024,Flying J Travel Center,1,Awarded,"$668,000",Pilot Travel Centers LLC,"42 Bradley Cove Rd, Russellville, AR 72801",,,,,,,
AR,4/5/2024,Love's Travel Stops,1,Awarded,"$700,000",Love's Travel Stops & Country Stores,"3404 US-63, Hazen, AR 72064",,,,,,,
AR,4/5/2024,Love's Travel Stops,1,Awarded,"$753,000",Love's Travel Stops & Country Stores,"8060 State Hwy 282, Alma, AR 72921",,,,,,,
AR,4/5/2024,EZ Mart,1,Awarded,"$635,000",GPM Investments,"2910 East St, Texarkana, AR 71854",,,,,,,
AR,4/5/2024,Holiday Inn,1,Awarded,"$1,068,000",Francis Energy,"1121 E Main St, Blytheville, AR 72315",,,,,,,
AR,4/5/2024,Jordan's Kwik Shop,1,Awarded,"$1,068,000",Kwik Stop,"4365 W Keiser Ave, Osceola, AR 72370",,,,,,,
AR,4/5/2024,Southern Edge Truck Stop & Eatery,1,Awarded,"$1,753,000",Francis Energy,"5803 S Olive St, Pine Bluff, AR 71603",,,,,,,
AR,4/5/2024,Holiday Inn,1,Awarded,"$597,000",Universal EV LLC,"7800 Sheridan Rd, White Hall, AR 71602",,,,,,,
AR,4/5/2024,Love's Travel Stop,1,Awarded,"$700,000",Love's Travel Stops & Country Stores,"5101 E Parker Rd, Jonesboro, AR 72404",,,,,,,
AR,4/5/2024,Flash Market 17023,1,Awarded,"$637,000",GPM Investments,"1728 AR-69, Trumann, AR 72472",,,,,,,
AR,4/5/2024,Jiffy Trip,1,Awarded,"$1,116,000","Impower Connection, Inc","4295 US-412, Siloam Springs, AR 72761",,,,,,,
PA,4/12/2024,Applegreen Electric PA LLC,1A,Awarded,"$790,000",Applegreen Electric PA LLC,219 Pennsylvania Turnpike Carlisle,,,,,,,
PA,4/12/2024,Applegreen Electric PA LLC,1A,Awarded,"$625,000",Applegreen Electric PA LLC,7 Bachmanville Road Lawn,,,,,,,
PA,4/12/2024,Applegreen Electric PA LLC,1A,Awarded,"$650,000",Applegreen Electric PA LLC,441 Industrial Lane Middletown,,,,,,,
PA,4/12/2024,Applegreen Electric PA LLC,1A,Awarded,"$750,000",Applegreen Electric PA LLC,203 Blue Mountain Plaza Newburg,,,,,,,
PA,4/12/2024,Blink Network LLC,1A,Awarded,"$851,772",Blink,1625 West Bayfront Pkwy Erie,,,,,,,
PA,4/12/2024,BP,1A,Awarded,"$432,950",BP,14624 Clearfield Shawville Hwy Clearfield 16830,,,,,,,
PA,4/12/2024,"CarCharge, LLC",1A,Awarded,"$969,304","CarCharge, LLC",696 Manor Road Coatesville,,,,,,,
PA,4/12/2024,"eCAMION USA, Inc.",1A,Awarded,"$652,736",Jule,859 York Rd Gettysburg,,,,,,,
PA,4/12/2024,"EVgo Services, LLC",1A,Awarded,"$768,310",EVgo,2871 Freeport Road Pittsburgh,,,,,,,
PA,4/12/2024,FLO Services USA Inc.,1A,Awarded,"$399,768",FLO,58 Station Cir Hazelton,,,,,,,
PA,4/12/2024,"Francis Energy PA, LLC",1A,Awarded,"$672,408",Francis Energy,4010 Columbia Ave. Columbia,,,,,,,
PA,4/12/2024,"Francis Energy PA, LLC",1A,Awarded,"$704,968",Francis Energy,854 Perry Hwy Mercer,,,,,,,
PA,4/12/2024,"Francis Energy PA, LLC",1A,Awarded,"$811,077",Francis Energy,17680 Cumberland Highway Newburg,,,,,,,
PA,4/12/2024,"Francis Energy PA, LLC",1A,Awarded,"$731,099",Francis Energy,811 E Main St Palmyra,,,,,,,
PA,4/12/2024,Lancaster Travel Places LLC,1A,Awarded,"$556,424",Lancaster Travel Places LLC,2622 Lincoln Hwy E. Ronks,,,,,,,
PA,4/12/2024,Landhope Corporation,1A,Awarded,"$667,936",Landhope Corporation,250 Limestone Rd Oxford,,,,,,,
PA,4/12/2024,"Reliance 3, LLC",1A,Awarded,"$797,125","Reliance 3, LLC",1 Buckhorn Road Bloomsburg,,,,,,,
PA,4/12/2024,"Sheetz, Inc.",1A,Awarded,"$737,106","Sheetz, Inc.",45 Muncy Creek Blvd. Muncy,,,,,,,
PA,4/12/2024,"Tesla, Inc.",1A,Awarded,"$281,934",Tesla,29459 Great Cove Road Fort Littleton,,,,,,,
PA,4/12/2024,"Tesla, Inc.",1A,Awarded,"$281,694",Tesla,1030 North Center Avenue Somerset,,,,,,,
PA,4/12/2024,TH Minit Markets LLC,1A,Awarded,"$622,333",TH Minit Markets LLC,2 Denver Rd Denver,,,,,,,
PA,4/12/2024,The Philadelphia Parking Authority,1A,Awarded,"$815,120",The Philadelphia Parking Authority,982 North 6th Street Philadelphia,,,,,,,
PA,4/12/2024,Universal EV LLC,1A,Awarded,"$451,353",Universal EV LLC,877 Interchange Rd Lehighton,,,,,,,
PA,4/12/2024,Wawa. Inc.,1A,Awarded,"$811,434",Wawa. Inc.,1242 W Baltimore Pike Media,,,,,,,
PA,4/12/2024,Wawa. Inc.,1A,Awarded,"$907,508",Wawa. Inc.,1600 Egypt Rd. Phoenixville,,,,,,,
PA,4/12/2024,Wawa. Inc.,1A,Awarded,"$852,104",Wawa. Inc.,413 Lancaster Ave. Reading,,,,,,,
PA,4/12/2024,Wawa. Inc.,1A,Awarded,"$800,870",Wawa. Inc.,8240 West Chester Pike Upper Darby,,,,,,,
PA,4/12/2024,Wawa. Inc.,1A,Awarded,"$831,803",Wawa. Inc.,215 W Lancaster Ave. Wayne,,,,,,,
PA,4/12/2024,Wawa. Inc.,1A,Awarded,"$794,350",Wawa. Inc.,881 1st St. Williamsport,,,,,,,
VT,4/23/2024,,1,Awarded,,Norwich Technologies,"22 N Main St, Bradford, VT 05033",,,,,,,
Ohio,5/15/2024,Carnaby Center (Shopping Center),Round 2,Awarded,"$766,914","Francis Energy Charging, LLC","5929-5975 E Main St, Columbus, OH 43213",,,,,,,
Ohio,5/15/2024,Kroger,Round 2,Awarded,"$629,700",Red E Charging,"60 Worthington Mall, Worthington, OH 43085",,,,,,,
Ohio,5/15/2024,Sheetz,Round 2,Awarded,"$1,093,782","Sheetz, Inc.","4355 W Broad St, Columbus, OH 43228",,,,,,,
Ohio,5/15/2024,Meijer,Round 2,Awarded,"$454,738",Meijer,"3711 Stone Creek Blvd, Cincinnati, OH 45251",,,,,,,
Ohio,5/15/2024,United Dairy Farmers,Round 2,Awarded,"$443,503","United Dairy Farmers, Inc.","711 Ohio Pike, Cincinnati, OH 45245",,,,,,,
Ohio,5/15/2024,Washington Park Plaza (Shopping Center),Round 2,Awarded,"$774,007","Francis Energy Charging, LLC","665 Lyons Rd, Washington Township, OH 45459",,,,,,,
Ohio,5/15/2024,Tiffany Plaza (Shopping Center),Round 2,Awarded,"$742,987","Francis Energy Charging, LLC","7121 Tiffany Blvd, Youngstown, OH 44514",,,,,,,
Ohio,5/15/2024,Target,Round 2,Awarded,"$554,867",EVgo Service LLC,"4144 Buckeye Pkwy, Grove City, OH 43123",,,,,,,
Ohio,5/15/2024,Sheetz,Round 2,Awarded,"$746,136","Francis Energy Charging, LLC","1301 N Bailey Rd, North Jackson, OH 44451",,,,,,,
Ohio,5/15/2024,Sheetz,Round 2,Awarded,"$772,871","Francis Energy Charging, LLC","360 Center St, Seville, OH 44273",,,,,,,
Ohio,5/15/2024,Giant Eagle,Round 2,Awarded,"$524,519",Electric Era,"3750 W Market St, Akron, OH 44333",,,,,,,
Ohio,5/15/2024,Doubletree Hotel,Round 2,Awarded,"$788,586","Francis Energy Charging, LLC","6200 Quarry Ln, Independence, OH 44131",,,,,,,
Ohio,5/15/2024,Casey's General Store,Round 2,Awarded,"$817,205","Francis Energy Charging, LLC","1400 S Vance St, Carey, OH 43316",,,,,,,
Ohio,5/15/2024,Comfort Inn,Round 2,Awarded,"$608,738",Jule,"256 James Way, Marion, OH 43302",,,,,,,
Ohio,5/15/2024,Love's,Round 2,Awarded,"$650,000",Love's Travel Stops,"1301 N Warpole St, Upper Sandusky, OH 43351",,,,,,,
Ohio,5/15/2024,Wayne Lanes,Round 2,Awarded,"$786,968","Francis Energy Charging, LLC","1983 Lincoln Way E, Wooster, OH 44691",,,,,,,
Ohio,5/15/2024,Parking Lot (adjacent to Taco Bell and CVS),Round 2,Awarded,"$759,360","Francis Energy Charging, LLC","122 Smith Ave SW, Canton, OH 44706",,,,,,,
Ohio,5/15/2024,Panera,Round 2,Awarded,"$812,145","Francis Energy Charging, LLC","2070 Walker Lake Rd, Mansfield, OH 44903",,,,,,,
Ohio,5/15/2024,Arby's,Round 2,Awarded,"$753,656","Francis Energy Charging, LLC","872 N Washington St, Van Wert, OH 45891",,,,,,,
Ohio,5/15/2024,Sheetz,Round 2,Awarded,"$769,484","Francis Energy Charging, LLC","800 Delaware Ave, Marysville, OH 43040",,,,,,,
Ohio,5/15/2024,Sheetz,Round 2,Awarded,"$764,930","Francis Energy Charging, LLC","729 Winchester Pike, Canal Winchester, OH 43110",,,,,,,
Ohio,5/15/2024,Hungry Buffalo,Round 2,Awarded,"$839,364","Francis Energy Charging, LLC","12762 Grey St, Logan, OH 43138",,,,,,,
WIsconsin,5/23/2024,Citgo,1,Awarded,"$553,582.86",,"N4190 Crossroads Clinic Rd, Oxford, WI 53952",,,,,,,
Wisconsin,5/23/2024,Kwik Trip #202,1,Awarded,"$351,941.40",,"5339 Harding Ave, Plover, WI 54467-9622",,,,,,,
Wisconsin,5/23/2024,Quality Inn Central Wisconsin Airport,1,Awarded,"$582,428.00",,"400 Orbiting Dr, Mosinee, WI 54455",,,,,,,
Wisconsin,5/23/2024,Holiday Inn Express Milwaukee,1,Awarded,"$422,280.00",,"11111 W North Ave, Wauwatosa, WI 53226",,,,,,,
Wisconsin,5/23/2024,Kwik Trip #1013,1,Awarded,"$300,935.40",,"2900 State Highway 167, Richfield, WI 54303-2633",,,,,,,
Wisconsin,5/23/2024,Kwik Trip #1176,1,Awarded,"$542,324.56",,"168 N Pioneer Rd, Fond du Lac, WI 54935-9402",,,,,,,
Wisconsin,5/23/2024,Kwik Trip #457,1,Awarded,"$328,678.40",,"2400 S Washburn St, Oshkosh, WI 54904-8957",,,,,,,
Wisconsin,5/23/2024,BP,1,Awarded,"$422,280.00",,"1126 Main St, Neenah, WI 54956",,,,,,,
Wisconsin,5/23/2024,Oneida Casino,1,Awarded,"$405,892.80",,"2522 W Mason St, Green Bay, WI 54303",,,,,,,
Wisconsin,5/23/2024,Kwik Trip #1046,1,Awarded,"$505,153.15",,"408 S Wright St, Delavan, WI 53115-2001",,,,,,,
Wisconsin,5/23/2024,Tesla Supercharger,1,Awarded,"$274,763.00",,"4777 S 27th St, Greenfield, WI 53221",,,,,,,
Wisconsin,5/23/2024,Residence Inn by Marriott Milwaukee,1,Awarded,"$308,395.00",,"7003 N Port Washington Rd, Milwaukee, WI 53217",,,,,,,
Wisconsin,5/23/2024,Sleep Inn & Suites,1,Awarded,"$465,212.00",,"3912 Motel Rd, Sheboygan, WI 53081",,,,,,,
Wisconsin,5/23/2024,Shell,1,Awarded,"$530,928.09",,"1701 S 41st St, Manitowoc, WI 54220",,,,,,,
Wisconsin,5/23/2024,Festival Foods,1,Awarded,"$505,142.59",,"2534 Steffens Court, Green Bay, WI 54311",,,,,,,
Wisconsin,5/23/2024,Kwik Trip #762,1,Awarded,"$328,038.40",,"1133 George St W, La Crosse, WI 54603-1629",,,,,,,
Wisconsin,5/23/2024,Road Ranger,1,Awarded,"$972,455.51",,"102 E Woody St, Tomah, WI 54660",,,,,,,
Wisconsin,5/23/2024,Kwik Trip #1205,1,Awarded,"$418,061.54",,"1171 Wisconsin Dells, WI Pkwy S, Baraboo, WI 53913-9406",,,,,,,
Wisconsin,5/23/2024,BP,1,Awarded,"$544,000.00",,"5800 Kinney Rd, Portage, WI 53901",,,,,,,
Wisconsin,5/23/2024,Shell,1,Awarded,"$532,919.43",,"6162 US Hwy 51, Deforest, WI 53532",,,,,,,
Wisconsin,5/23/2024,Edgerton Truck Stop,1,Awarded,"$637,469.62",,"568 Haugen Rd, Edgerton, WI 53534",,,,,,,
Wisconsin,5/23/2024,Tesla Supercharger,1,Awarded,"$359,776.00",,"3222 US-14, Janesville, WI 53546",,,,,,,
Wisconsin,5/23/2024,Kwik Trip #593,1,Awarded,"$91,411.20",,"319 Oak Ave, Menomonie, WI 54751-1341",,,,,,,
Wisconsin,5/23/2024,Kwik Trip #1709,1,Awarded,"$328,678.40",,"151 Interstate Rd N, Hixton, WI 54635",,,,,,,
Wisconsin,5/23/2024,Pine Cone Travel Plaza,1,Awarded,"$422,280.00",,"665 Linmar Ln, Johnson Creek, WI 53038",,,,,,,
Wisconsin,5/23/2024,Kwik Trip #296,1,Awarded,"$303,000.40",,"10215 120th Ave, Pleasant Prairie, WI 53158",,,,,,,
Wisconsin,5/23/2024,Kwik Trip #184,1,Awarded,"$351,941.40",,"2001 Golf Rd, Pewaukee, WI 53072-5548",,,,,,,
Wisconsin,5/23/2024,Kwik Trip #1101,1,Awarded,"$380,034.40",,"212 S US Highway 141, Crivitz, WI 54208-8604",,,,,,,
Wisconsin,5/23/2024,Exxon,1,Awarded,"$527,697.00",,"530 State Hwy 180, Wausaukee, WI 54177",,,,,,,
Wisconsin,5/23/2024,Menards,1,Awarded,"$505,142.59",,"1700 Progressive Pkwy, Platteville, WI 53818",,,,,,,
Wisconsin,5/23/2024,Kwik Trip #1130,1,Awarded,"$486,030.12",,"9255 Ridgeview Rd, Mount Horeb, WI 53572-2402",,,,,,,
Wisconsin,5/23/2024,Kwik Trip #400,1,Awarded,"$501,379.16",,"2006 N Spring St, Beaver Dam, WI 53916-9674",,,,,,,
Wisconsin,5/23/2024,Twin Gables Café Lounge,1,Awarded,"$515,045.00",,"13992 E US HWY 2, Brule, WI 54820",,,,,,,
Wisconsin,5/23/2024,Kwik Trip #110,1,Awarded,"$91,411.20",,"1814 Lake Shore Dr W, Ashland, WI 54806-1148",,,,,,,
Wisconsin,5/23/2024,Kwik Trip #574,1,Awarded,"$303,000.40",,"2103 Hall Ave, Marinette, WI 54143-1720",,,,,,,
Wisconsin,5/23/2024,Kwik Trip #322,1,Awarded,"$303,000.40",,"1440 W Campus Dr, Wausau, WI 54401",,,,,,,
Wisconsin,5/23/2024,Snow’s Family Market,1,Awarded,"$567,596.00",,"5126 US-51, Mercer, WI 54547",,,,,,,
Wisconsin,5/23/2024,Kwik Trip #210,1,Awarded,"$302,410.40",,"1506 Black Ave, Eau Claire, WI 54703-1309",,,,,,,
Wisconsin,5/23/2024,Menards,1,Awarded,"$505,142.59",,"2920 Decker Dr, Rice Lake, WI 54868",,,,,,,
Wisconsin,5/23/2024,KornerStores Inc,1,Awarded,"$505,142.59",,"1030 W Hokah St, Minong, WI 54859",,,,,,,
Wisconsin,5/23/2024,KornerStores Inc,1,Awarded,"$505,142.59",,"9050 E County Rd B, Hawthorne, WI 54842",,,,,,,
Wisconsin,5/23/2024,Kwik Trip #1137,1,Awarded,"$525,420.03",,"2072 US Highway 8, Saint Croix Falls, WI 53214",,,,,,,
Wisconsin,5/23/2024,Kwik Trip #922,1,Awarded,"$302,410.40",,"201 S 1st St, Cameron, WI 54822-9705",,,,,,,
Wisconsin,5/23/2024,Fairbridge Inn Express Ladysmith,1,Awarded,"$531,542.00",,"800 College Ave, Ladysmith, WI 54847",,,,,,,
Wisconsin,5/23/2024,Culver’s,1,Awarded,"$879,169.60",,"620 W Kemp St, Rhinelander, WI 54501",,,,,,,
Wisconsin,5/23/2024,Potawatomi Fire Side Market,1,Awarded,"$409,602.40",,"5326 Fire Keeper Rd, Crandon, WI 54520",,,,,,,
Wisconsin,5/23/2024,Corner Store,1,Awarded,"$588,178.00",,"497 US-8, Armstrong Creek, WI 54103",,,,,,,
Wisconsin,5/23/2024,Kwik Trip #1267,1,Awarded,"$104,659.20",,"1267 Chippewa Crossing Blvd, Chippewa Falls, WI 54729",,,,,,,
Wisconsin,5/23/2024,Express Mart,1,Awarded,"$505,142.59",,"602 S Washington St, Thorp, WI 54771",,,,,,,
Wisconsin,5/23/2024,Kwik Trip #885,1,Awarded,"$311,260.40",,"301 Elderberry Rd, Abbotsford, WI 54405-9762",,,,,,,
Wisconsin,5/23/2024,BP,1,Awarded,"$728,063.20",,"401 State Rd, Hatley, WI 54440",,,,,,,
Wisconsin,5/23/2024,Kwik Trip #621,1,Awarded,"$326,438.40",,"102 Express Way, Bonduel, WI 54107-9298",,,,,,,
Wisconsin,5/23/2024,Kwik Trip #700,1,Awarded,"$326,438.40",,"1871 Shawano Ave, Green Bay, WI 54303-2633",,,,,,,